

DATA-FILE  WAGI1PTS.OUT


Name of run: WAGI1


Station=  WAGE , Soil=  1, Crop=  1,    Irr.=  1, IOPT=  1, Runof=0.00, CO2=370.

 Planting on day   0, 1969
 Crop emergence on day   1, 1969
 Wageningen, irrig.,wheat var.1, RUE=3.0                                         

 Crop PRODUCTION AND SOIL WATER STATUS
 =======================================
 DAY   WLVG    WLVD    WST      WRT     WSO    TAGB   TSUML     DVS   LAI  TRANRF  SMACT  TRAIN   TIRR  TTRANS   TESOIL    TDRAIN  TRUNOF   WTOT  WAVT   PARAB    PAR    NNI   NPKI    NMINT   NMIN    NUPT    NFIX    NLIV    NLOSS   PMINT   PMIN    PUPT    PLIV    PLOSS   KMINT   KMIN    KUPT    KLIV    KLOSS   
   1     68.      0.     37.    105.      0.    105.      0.   0.00   0.14   1.00   0.30      0.      0.      0.      0.      0.      0.     30.     10.     0.     0.   1.00   1.00      0.     30.      0.      0.      8.      0.     0.0     3.0     0.0     1.5     0.0      0.     20.      0.     17.      0.
  11     68.      0.     37.    105.      0.    105.     13.   0.01   0.16   1.00   0.32      4.      3.      0.      1.      0.      0.     67.     26.     1.     7.   1.00   1.00      7.     22.      0.      0.      8.      0.     0.7     2.2     0.0     1.5     0.0      5.     15.      0.     17.      0.
  21     70.      0.     38.    108.      0.    108.     59.   0.06   0.23   1.00   0.35     19.      3.      0.      2.      0.      0.    114.     49.     1.    14.   1.00   1.00     15.     15.      0.      0.      8.      0.     1.5     1.5     0.0     1.5     0.0     10.     10.      0.     17.      0.
  31     76.      0.     41.    117.      0.    118.    125.   0.12   0.40   1.00   0.35     34.      3.      1.      4.      0.      0.    155.     65.     3.    23.   1.00   1.00     22.      8.      0.      0.      8.      0.     2.2     0.7     0.0     1.6     0.0     15.      5.      0.     17.      0.
  41     80.      0.     43.    122.      0.    123.    148.   0.14   0.49   1.00   0.35     53.      3.      2.      7.      0.      0.    199.     85.     8.    43.   1.00   1.00     30.      0.      0.      0.      9.      0.     2.9     0.0     0.1     1.6     0.0     19.      0.      1.     17.      0.
  51     80.      0.     43.    122.      0.    123.    148.   0.14   0.49   1.00   0.35     75.      3.      2.      8.      6.      0.    241.    103.    14.    68.   1.00   1.00     30.      0.      0.      0.      9.      0.     2.9     0.0     0.1     1.6     0.0     19.      0.      1.     17.      0.
  61     89.      0.     47.    133.      0.    136.    168.   0.16   0.57   1.00   0.35     80.      3.      3.     11.      9.      0.    281.    119.    20.    89.   1.00   1.00     29.      0.      1.      0.      9.      0.     2.8     0.0     0.2     1.8     0.0     18.      0.      2.     19.      0.
  71     90.      0.     48.    135.      0.    139.    192.   0.18   0.69   1.00   0.35     85.      3.      5.     13.      9.      0.    324.    139.    34.   134.   1.00   1.00     29.      0.      1.      0.      9.      0.     2.8     0.0     0.2     1.8     0.0     18.      0.      2.     19.      0.
  81     99.      0.     52.    144.      0.    152.    221.   0.21   0.79   1.00   0.35    119.      3.      7.     17.     38.      0.    365.    155.    44.   160.   1.00   1.00     28.      0.      2.      0.     10.      0.     2.7     0.0     0.3     1.9     0.0     17.      0.      3.     20.      0.
  91    105.      0.     55.    149.      0.    159.    245.   0.23   0.80   1.00   0.35    137.      3.     10.     21.     48.      0.    409.    175.    61.   205.   1.00   1.00     28.      0.      2.      0.     10.      0.     2.7     0.0     0.3     1.9     0.0     17.      0.      3.     20.      0.
 101    408.      0.    201.    345.      0.    609.    339.   0.32   1.44   1.00   0.34    139.      3.     19.     30.     48.      0.    421.    171.    95.   285.   1.00   1.00     11.      0.     19.      0.     27.      0.    -0.7     0.0     3.7     5.3     0.0    -17.      0.     37.     54.      0.
 111    495.      0.    254.    385.      0.    748.    394.   0.38   1.63   1.00   0.35    184.      3.     28.     38.     62.      0.    434.    184.   133.   347.   1.00   1.00      4.      0.     26.      0.     34.      0.    -2.2     0.0     5.2     6.7     0.0    -31.      0.     51.     68.      0.
 121    907.      0.    570.    529.      0.   1477.    486.   0.46   2.50   1.00   0.34    212.      3.     40.     46.     76.      0.    429.    179.   186.   421.   1.00   1.00    -17.      0.     47.      0.     56.      0.    -6.6     0.0     9.6    11.1     0.0    -74.      0.     94.    111.      0.
 131   1515.      0.   1262.    714.      0.   2777.    613.   0.58   3.79   1.00   0.34    227.      3.     57.     50.     76.      0.    422.    172.   240.   486.   1.00   1.00    -10.      0.     75.      0.     83.      0.   -10.1     0.0    15.1    16.6     0.0    -99.      0.    149.    166.      0.
 141   1933.     54.   2286.    860.      0.   4274.    749.   0.71   4.66   1.00   0.34    259.      3.     82.     54.     76.      0.    426.    176.   302.   553.   1.00   1.00    -31.      0.     96.      0.    105.      0.   -14.4     0.0    19.4    20.9     0.0   -143.      0.    193.    209.      0.
 151   2196.    201.   4169.    996.      0.   6566.    884.   0.84   5.18   1.00   0.33    276.      3.    111.     57.     76.      0.    410.    160.   389.   644.   1.00   1.00    -50.      0.    115.      0.    122.      1.   -18.0     0.0    23.0    24.4     0.1   -179.      0.    229.    244.      2.
 161   2114.    378.   6216.   1064.      0.   8708.   1004.   0.96   4.96   1.00   0.33    316.      3.    141.     60.     80.      0.    414.    164.   468.   728.   1.00   1.00    -62.      0.    127.      0.    134.      2.   -20.5     0.0    25.5    26.9     0.2   -204.      0.    254.    268.      3.
 171   1629.    863.   6858.   1120.   2526.  11875.   1182.   1.13   3.83   1.00   0.31    331.      3.    184.     63.     80.      0.    382.    132.   575.   842.   1.00   1.00    -71.      0.    136.      0.    140.      3.   -21.9     0.0    26.9    28.0     0.4   -215.      0.    265.    274.      8.
 181   1210.   1282.   6858.   1125.   4366.  13715.   1331.   1.28   2.84   1.00   0.30    346.      3.    205.     68.     80.      0.    371.    121.   636.   912.   1.00   1.00    -85.      0.    150.      0.    153.      5.   -23.6     0.0    28.6    29.4     0.6   -215.      0.    265.    270.     12.
 191    881.   1610.   6858.   1125.   6288.  15638.   1492.   1.44   2.07   1.00   0.29    366.      3.    228.     75.     80.      0.    361.    111.   704.  1001.   1.00   1.00    -88.      0.    153.      0.    155.      6.   -23.9     0.0    28.9    29.7     0.8   -215.      0.    265.    267.     14.
 201    637.   1854.   6075.    996.   7489.  16838.   1658.   1.61   1.50   1.00   0.27    376.      3.    246.     84.     80.      0.    344.     94.   759.  1084.   1.00   1.00    -88.      0.    153.      0.    152.      9.   -23.9     0.0    28.9    29.3     1.2   -215.      0.    265.    261.     21.
 211    430.   2062.   4964.    814.   8246.  17595.   1873.   1.82   1.01   1.00   0.28    389.     34.    266.    101.     80.      0.    352.    102.   808.  1177.   1.00   1.00    -88.      0.    153.      0.    149.     13.   -23.9     0.0    28.9    28.8     1.7   -215.      0.    265.    252.     30.
 221    305.   2186.   4139.    679.   8504.  17854.   2057.   2.01   0.72   1.00   0.29    406.     64.    277.    118.     80.      0.    369.    119.   843.  1264.   1.00   1.00    -88.      0.    153.      0.    146.     15.   -23.9     0.0    28.9    28.4     2.0   -215.      0.    265.    246.     36.


DATA-FILE  WAGI1PTS.OUT


Name of run: WAGI1


Station=  WAGE , Soil=  1, Crop=  1,    Irr.=  1, IOPT=  1, Runof=0.00, CO2=370.

 Planting on day   0, 1970
 Crop emergence on day   1, 1970
 Wageningen, irrig.,wheat var.1, RUE=3.0                                         

 Crop PRODUCTION AND SOIL WATER STATUS
 =======================================
 DAY   WLVG    WLVD    WST      WRT     WSO    TAGB   TSUML     DVS   LAI  TRANRF  SMACT  TRAIN   TIRR  TTRANS   TESOIL    TDRAIN  TRUNOF   WTOT  WAVT   PARAB    PAR    NNI   NPKI    NMINT   NMIN    NUPT    NFIX    NLIV    NLOSS   PMINT   PMIN    PUPT    PLIV    PLOSS   KMINT   KMIN    KUPT    KLIV    KLOSS   
   1     68.      0.     37.    105.      0.    105.      0.   0.00   0.14   1.00   0.30      0.      0.      0.      0.      0.      0.     30.     10.     0.     0.   1.00   1.00      0.     30.      0.      0.      8.      0.     0.0     3.0     0.0     1.5     0.0      0.     20.      0.     16.      1.
  11     68.      0.     37.    105.      0.    105.      1.   0.00   0.15   1.00   0.35     13.      0.      0.      2.      0.      0.     72.     31.     1.     9.   1.00   1.00      7.     22.      1.      0.      9.      0.     0.6     2.2     0.2     1.7     0.0      4.     15.      1.     17.      1.
  21     69.      0.     37.    106.      0.    106.     27.   0.03   0.18   1.00   0.34     18.      0.      0.      2.      0.      0.    112.     46.     2.    17.   1.00   1.00     14.     15.      1.      0.      9.      0.     1.3     1.5     0.2     1.7     0.0      9.     10.      1.     17.      1.
  31     70.      0.     38.    107.      0.    107.     52.   0.05   0.22   1.00   0.35     42.      0.      0.      3.      0.      0.    155.     65.     3.    27.   1.00   1.00     22.      8.      1.      0.      9.      0.     2.1     0.7     0.2     1.7     0.0     14.      5.      1.     17.      1.
  41     71.      0.     38.    109.      0.    109.     69.   0.07   0.25   1.00   0.35     75.      0.      1.      6.      6.      0.    199.     85.     5.    47.   1.00   1.00     29.      0.      1.      0.      9.      0.     2.8     0.0     0.2     1.7     0.0     19.      0.      1.     17.      1.
  51     71.      0.     38.    109.      0.    109.     72.   0.07   0.26   1.00   0.35    102.      0.      1.      7.     31.      0.    241.    103.     9.    71.   1.00   1.00     29.      0.      1.      0.      9.      0.     2.8     0.0     0.2     1.7     0.0     19.      0.      1.     17.      1.
  61     75.      0.     40.    115.      0.    115.    101.   0.10   0.33   1.00   0.35    148.      0.      2.     12.     72.      0.    283.    121.    12.    92.   1.00   1.00     29.      0.      1.      0.      9.      0.     2.8     0.0     0.2     1.7     0.0     19.      0.      1.     17.      1.
  71     75.      0.     40.    115.      0.    115.    106.   0.10   0.35   1.00   0.35    155.      0.      2.     15.     75.      0.    324.    139.    20.   135.   1.00   1.00     29.      0.      1.      0.      9.      0.     2.8     0.0     0.2     1.7     0.0     19.      0.      1.     17.      1.
  81     86.      0.     46.    131.      0.    132.    145.   0.14   0.47   1.00   0.35    165.      0.      3.     20.     79.      0.    367.    157.    26.   166.   1.00   1.00     29.      0.      1.      0.      9.      0.     2.7     0.0     0.3     1.8     0.0     18.      0.      2.     18.      1.
  91    104.      0.     55.    152.      0.    159.    185.   0.18   0.65   1.00   0.35    202.      0.      6.     28.    105.      0.    409.    175.    39.   212.   1.00   1.00     28.      0.      2.      0.     11.      0.     2.4     0.0     0.6     2.0     0.0     16.      0.      4.     20.      1.
 101    105.      0.     56.    154.      0.    161.    208.   0.20   0.76   1.00   0.35    240.      0.      9.     36.    133.      0.    438.    187.    57.   262.   1.00   1.00     27.      0.      3.      0.     11.      0.     2.3     0.0     0.7     2.2     0.0     14.      0.      6.     22.      1.
 111    241.      0.    116.    265.      0.    358.    290.   0.28   1.05   1.00   0.35    254.      0.     14.     45.    137.      0.    432.    182.    78.   313.   1.00   1.00     18.      0.     12.      0.     20.      0.     0.5     0.0     2.5     4.0     0.0     -4.      0.     24.     40.      1.
 121    420.      0.    214.    362.      0.    634.    369.   0.35   1.43   1.00   0.35    286.      0.     21.     56.    148.      0.    436.    186.   106.   367.   1.00   1.00      9.      0.     21.      0.     29.      0.    -1.3     0.0     4.3     5.8     0.0    -21.      0.     41.     58.      1.
 131   1188.      0.    799.    635.      0.   1986.    501.   0.48   3.06   1.00   0.34    291.      0.     37.     61.    148.      0.    419.    169.   164.   451.   1.00   1.00      5.      0.     60.      0.     68.      0.    -7.1     0.0    12.1    13.6     0.0    -69.      0.    119.    135.      1.
 141   2003.     27.   1841.    891.      0.   3871.    636.   0.61   4.78   1.00   0.32    297.      0.     58.     64.    148.      0.    402.    152.   237.   531.   1.00   1.00    -36.      0.    101.      0.    109.      0.   -15.4     0.0    20.4    21.9     0.0   -152.      0.    202.    217.      1.
 151   2365.    215.   3174.   1061.      0.   5753.    757.   0.72   5.50   1.00   0.31    306.      0.     84.     66.    148.      0.    383.    133.   312.   610.   1.00   1.00    -59.      0.    124.      0.    131.      1.   -19.9     0.0    24.9    26.3     0.1   -198.      0.    248.    262.      3.
 161   2529.    525.   5642.   1225.      0.   8697.    923.   0.88   5.79   1.00   0.30    307.     30.    127.     67.    148.      0.    369.    119.   424.   726.   1.00   1.00    -80.      0.    145.      0.    151.      2.   -24.2     0.0    29.2    30.4     0.3   -240.      0.    290.    301.      5.
 171   2178.    939.   7875.   1312.   1033.  12024.   1092.   1.04   4.98   1.00   0.29    315.     60.    167.     69.    148.      0.    366.    116.   537.   843.   1.00   1.00    -94.      0.    159.      0.    164.      4.   -27.0     0.0    32.0    33.0     0.5   -268.      0.    318.    326.      9.
 181   1543.   1574.   7875.   1333.   3426.  14417.   1272.   1.22   3.53   1.00   0.28    329.     60.    197.     71.    148.      0.    347.     97.   617.   930.   1.00   1.00   -100.      0.    165.      0.    167.      7.   -27.4     0.0    32.4    33.1     0.8   -268.      0.    318.    320.     15.
 191   1116.   2001.   7875.   1333.   5116.  16107.   1440.   1.39   2.55   1.00   0.29    375.     60.    221.     78.    148.      0.    362.    112.   675.   999.   1.00   1.00   -108.      0.    173.      0.    173.      8.   -28.2     0.0    33.2    33.7     1.0   -268.      0.    318.    316.     19.
 201    826.   2291.   7563.   1280.   6400.  17391.   1590.   1.54   1.89   1.00   0.32    433.     60.    239.     85.    148.      0.    396.    146.   727.  1070.   1.00   1.00   -108.      0.    173.      0.    171.     10.   -28.2     0.0    33.2    33.5     1.3   -268.      0.    318.    312.     23.
 211    604.   2513.   6179.   1046.   7139.  18130.   1748.   1.70   1.38   1.00   0.32    460.     60.    253.     97.    148.      0.    396.    146.   767.  1133.   1.00   1.00   -108.      0.    173.      0.    167.     14.   -28.2     0.0    33.2    32.9     1.9   -268.      0.    318.    302.     33.
 221    420.   2697.   5049.    855.   7717.  18708.   1941.   1.89   0.96   1.00   0.31    472.     60.    267.    105.    148.      0.    386.    136.   812.  1220.   1.00   1.00   -108.      0.    173.      0.    163.     18.   -28.2     0.0    33.2    32.4     2.4   -268.      0.    318.    294.     41.
 229    336.   2781.   4383.    742.   7857.  18848.   2054.   2.00   0.77   1.00   0.31    484.     60.    273.    115.    148.      0.    382.    132.   835.  1276.   1.00   1.00   -108.      0.    173.      0.    162.     20.   -28.2     0.0    33.2    32.1     2.6   -268.      0.    318.    289.     46.


DATA-FILE  WAGI1PTS.OUT


Name of run: WAGI1


Station=  WAGE , Soil=  1, Crop=  1,    Irr.=  1, IOPT=  1, Runof=0.00, CO2=370.

 Planting on day   0, 1971
 Crop emergence on day   1, 1971
 Wageningen, irrig.,wheat var.1, RUE=3.0                                         

 Crop PRODUCTION AND SOIL WATER STATUS
 =======================================
 DAY   WLVG    WLVD    WST      WRT     WSO    TAGB   TSUML     DVS   LAI  TRANRF  SMACT  TRAIN   TIRR  TTRANS   TESOIL    TDRAIN  TRUNOF   WTOT  WAVT   PARAB    PAR    NNI   NPKI    NMINT   NMIN    NUPT    NFIX    NLIV    NLOSS   PMINT   PMIN    PUPT    PLIV    PLOSS   KMINT   KMIN    KUPT    KLIV    KLOSS   
   1     68.      0.     37.    105.      0.    105.      0.   0.00   0.14   1.00   0.30      0.      0.      0.      0.      0.      0.     30.     10.     0.     0.   1.00   1.00      0.     30.      0.      0.      8.      0.     0.0     3.0     0.0     1.5     0.0      0.     20.      0.     16.      1.
  11     68.      0.     37.    105.      0.    105.      7.   0.01   0.15   1.00   0.32      4.      0.      0.      0.      0.      0.     66.     25.     1.    10.   1.00   1.00      7.     22.      1.      0.      9.      0.     0.6     2.2     0.1     1.6     0.0      4.     15.      1.     17.      1.
  21     69.      0.     37.    106.      0.    106.     33.   0.03   0.19   1.00   0.34     12.      0.      0.      1.      0.      0.    110.     45.     2.    21.   1.00   1.00     14.     15.      1.      0.      9.      0.     1.4     1.5     0.1     1.6     0.0      9.     10.      1.     17.      1.
  31     73.      0.     39.    112.      0.    112.     93.   0.09   0.31   1.00   0.35     60.      0.      1.      5.      0.      0.    157.     67.     3.    28.   1.00   1.00     22.      8.      1.      0.      9.      0.     2.1     0.7     0.1     1.6     0.0     14.      5.      1.     17.      1.
  41     79.      0.     42.    120.      0.    121.    134.   0.13   0.43   1.00   0.35     66.      0.      1.      6.      0.      0.    198.     85.     5.    41.   1.00   1.00     29.      0.      1.      0.      9.      0.     2.8     0.0     0.2     1.7     0.0     19.      0.      1.     17.      1.
  51     86.      0.     46.    130.      0.    132.    171.   0.16   0.59   1.00   0.35     86.      0.      2.      8.     13.      0.    241.    103.    12.    66.   1.00   1.00     28.      0.      2.      0.     10.      0.     2.7     0.0     0.3     1.8     0.0     18.      0.      2.     18.      1.
  61     96.      0.     51.    141.      0.    147.    199.   0.19   0.74   1.00   0.35     93.      0.      3.     12.     19.      0.    280.    118.    21.    94.   1.00   1.00     28.      0.      2.      0.     10.      0.     2.5     0.0     0.5     1.9     0.0     17.      0.      3.     20.      1.
  71     96.      0.     51.    141.      0.    147.    206.   0.20   0.76   1.00   0.35    109.      0.      5.     15.     27.      0.    325.    139.    36.   134.   1.00   1.00     28.      0.      2.      0.     10.      0.     2.5     0.0     0.5     1.9     0.0     17.      0.      3.     20.      1.
  81    156.      0.     77.    191.      0.    233.    270.   0.26   0.88   1.00   0.35    127.      0.      8.     22.     34.      0.    366.    157.    48.   168.   1.00   1.00     24.      0.      6.      0.     14.      0.     1.8     0.0     1.2     2.7     0.0      9.      0.     11.     27.      1.
  91    180.      0.     89.    207.      0.    269.    313.   0.30   0.94   1.00   0.35    133.      0.     12.     27.     35.      0.    405.    172.    66.   210.   1.00   1.00     23.      0.      7.      0.     15.      0.     1.5     0.0     1.5     3.0     0.0      6.      0.     14.     30.      1.
 101    360.      0.    196.    293.      0.    556.    389.   0.37   1.32   1.00   0.34    133.      0.     18.     29.     35.      0.    426.    176.    93.   267.   1.00   1.00     15.      0.     15.      0.     23.      0.     0.0     0.0     3.0     4.5     0.0     -8.      0.     28.     44.      1.
 111    762.      0.    496.    437.      0.   1258.    474.   0.45   2.17   1.00   0.33    137.      0.     28.     31.     35.      0.    418.    168.   139.   341.   1.00   1.00     -8.      0.     38.      0.     46.      0.    -4.6     0.0     7.6     9.1     0.0    -54.      0.     74.     91.      1.
 121   1049.      0.    761.    527.      0.   1810.    557.   0.53   2.78   1.00   0.33    152.      0.     46.     37.     35.      0.    410.    160.   203.   422.   1.00   1.00    -24.      0.     54.      0.     62.      0.    -7.8     0.0    10.8    12.3     0.0    -86.      0.    106.    122.      1.
 131   1570.      0.   1619.    686.      0.   3189.    678.   0.65   3.88   1.00   0.31    160.      0.     72.     41.     35.      0.    387.    137.   290.   525.   1.00   1.00     -9.      0.     74.      0.     82.      0.    -9.8     0.0    14.8    16.3     0.0    -96.      0.    146.    163.      1.
 141   2063.     67.   3453.    863.      0.   5582.    833.   0.79   4.91   1.00   0.32    202.      0.     98.     44.     35.      0.    399.    149.   375.   616.   1.00   1.00    -38.      0.    103.      0.    111.      1.   -15.8     0.0    20.8    22.2     0.1   -156.      0.    206.    221.      1.
 151   2107.    220.   5393.    950.      0.   7720.    967.   0.92   4.96   1.00   0.31    220.      0.    122.     47.     35.      0.    391.    141.   453.   698.   1.00   1.00    -53.      0.    118.      0.    126.      1.   -18.8     0.0    23.8    25.1     0.1   -186.      0.    236.    250.      3.
 161   1769.    571.   6677.   1010.   1423.  10440.   1129.   1.08   4.16   1.00   0.28    220.      0.    156.     48.     35.      0.    355.    105.   544.   796.   1.00   1.00    -63.      0.    128.      0.    134.      3.   -20.6     0.0    25.6    26.8     0.3   -204.      0.    254.    265.      6.
 171   1369.    971.   6677.   1019.   2833.  11850.   1257.   1.21   3.22   1.00   0.32    286.      0.    176.     53.     35.      0.    398.    148.   595.   853.   1.00   1.00    -71.      0.    136.      0.    140.      4.   -21.5     0.0    26.5    27.5     0.5   -204.      0.    254.    261.      9.
 181   1027.   1313.   6677.   1019.   4781.  13798.   1400.   1.35   2.42   1.00   0.32    320.      0.    198.     60.     35.      0.    401.    151.   661.   933.   1.00   1.00    -79.      0.    144.      0.    147.      5.   -22.3     0.0    27.3    28.2     0.7   -204.      0.    254.    258.     12.
 191    731.   1609.   6543.    999.   6821.  15838.   1577.   1.53   1.72   1.00   0.30    320.      0.    223.     66.     35.      0.    370.    120.   740.  1044.   1.00   1.00    -79.      0.    144.      0.    145.      7.   -22.3     0.0    27.3    28.0     0.9   -204.      0.    254.    255.     16.
 201    543.   1797.   5346.    816.   7903.  16919.   1729.   1.68   1.28   1.00   0.28    321.      0.    240.     71.     35.      0.    349.     99.   797.  1140.   1.00   1.00    -79.      0.    144.      0.    142.     10.   -22.3     0.0    27.3    27.5     1.4   -204.      0.    254.    246.     24.
 211    385.   1954.   4368.    667.   8302.  17319.   1908.   1.86   0.91   1.00   0.28    351.      0.    250.     85.     35.      0.    356.    106.   826.  1200.   1.00   1.00    -79.      0.    144.      0.    139.     13.   -22.3     0.0    27.3    27.1     1.8   -204.      0.    254.    239.     31.
 220    289.   2051.   3716.    567.   8513.  17529.   2060.   2.01   0.68   1.00   0.28    371.      0.    260.     99.     35.      0.    352.    102.   855.  1276.   1.00   1.00    -79.      0.    144.      0.    137.     15.   -22.3     0.0    27.3    26.8     2.1   -204.      0.    254.    235.     36.


DATA-FILE  WAGI1PTS.OUT


Name of run: WAGI1


Station=  WAGE , Soil=  1, Crop=  1,    Irr.=  1, IOPT=  1, Runof=0.00, CO2=370.

 Planting on day   0, 1972
 Crop emergence on day   1, 1972
 Wageningen, irrig.,wheat var.1, RUE=3.0                                         

 Crop PRODUCTION AND SOIL WATER STATUS
 =======================================
 DAY   WLVG    WLVD    WST      WRT     WSO    TAGB   TSUML     DVS   LAI  TRANRF  SMACT  TRAIN   TIRR  TTRANS   TESOIL    TDRAIN  TRUNOF   WTOT  WAVT   PARAB    PAR    NNI   NPKI    NMINT   NMIN    NUPT    NFIX    NLIV    NLOSS   PMINT   PMIN    PUPT    PLIV    PLOSS   KMINT   KMIN    KUPT    KLIV    KLOSS   
   1     68.      0.     37.    105.      0.    105.      0.   0.00   0.14   1.00   0.30      0.      0.      0.      0.      0.      0.     30.     10.     0.     0.   1.00   1.00      0.     30.      0.      0.      8.      0.     0.0     3.0     0.0     1.5     0.0      0.     20.      0.     16.      1.
  11     68.      0.     37.    105.      0.    105.     17.   0.02   0.17   1.00   0.30      1.      0.      0.      1.      0.      0.     62.     21.     1.     7.   1.00   1.00      7.     22.      0.      0.      9.      0.     0.6     2.2     0.1     1.6     0.0      4.     15.      1.     17.      1.
  21     69.      0.     37.    106.      0.    106.     42.   0.04   0.20   1.00   0.35     19.      0.      0.      2.      0.      0.    114.     49.     2.    16.   1.00   1.00     15.     15.      0.      0.      9.      0.     1.4     1.5     0.1     1.6     0.0      9.     10.      1.     17.      1.
  31     69.      0.     37.    106.      0.    106.     48.   0.05   0.21   1.00   0.34     32.      0.      1.      4.      0.      0.    154.     64.     3.    31.   1.00   1.00     22.      8.      0.      0.      9.      0.     2.1     0.7     0.1     1.6     0.0     14.      5.      1.     17.      1.
  41     74.      0.     40.    114.      0.    114.     89.   0.08   0.30   1.00   0.35     45.      0.      1.      7.      0.      0.    197.     83.     6.    50.   1.00   1.00     30.      0.      0.      0.      9.      0.     2.8     0.0     0.2     1.7     0.0     19.      0.      1.     17.      1.
  51     80.      0.     43.    123.      0.    123.    128.   0.12   0.41   1.00   0.35     57.      0.      2.      9.      0.      0.    238.    101.    10.    70.   1.00   1.00     29.      0.      1.      0.      9.      0.     2.7     0.0     0.3     1.8     0.0     18.      0.      2.     18.      1.
  61     97.      0.     52.    144.      0.    148.    169.   0.16   0.58   1.00   0.34     59.      0.      3.     11.      0.      0.    277.    115.    15.    93.   1.00   1.00     28.      0.      2.      0.     10.      0.     2.5     0.0     0.5     2.0     0.0     16.      0.      4.     20.      1.
  71    144.      0.     74.    194.      0.    219.    223.   0.21   0.83   1.00   0.35     76.      0.      6.     16.      0.      0.    324.    139.    30.   133.   1.00   1.00     24.      0.      6.      0.     14.      0.     1.8     0.0     1.2     2.7     0.0      8.      0.     12.     28.      1.
  81    261.      0.    126.    284.      0.    387.    295.   0.28   1.07   1.00   0.34     76.      0.     11.     21.      0.      0.    352.    143.    55.   195.   1.00   1.00     16.      0.     14.      0.     22.      0.     0.2     0.0     2.8     4.3     0.0     -7.      0.     27.     43.      1.
  91    317.      0.    158.    313.      0.    475.    364.   0.35   1.19   1.00   0.34     99.      0.     18.     28.      0.      0.    402.    169.    82.   249.   1.00   1.00     15.      0.     15.      0.     23.      0.    -0.1     0.0     3.1     4.6     0.0    -10.      0.     30.     46.      1.
 101    528.      0.    311.    391.      0.    840.    460.   0.44   1.64   1.00   0.35    154.      0.     25.     37.     30.      0.    438.    187.   103.   287.   1.00   1.00      6.      0.     24.      0.     32.      0.    -1.9     0.0     4.9     6.4     0.0    -27.      0.     47.     64.      1.
 111    682.      0.    451.    439.      0.   1134.    526.   0.50   1.97   1.00   0.35    189.      0.     33.     43.     51.      0.    438.    187.   142.   347.   1.00   1.00     -2.      0.     32.      0.     41.      0.    -3.7     0.0     6.7     8.2     0.0    -45.      0.     65.     81.      1.
 121    895.      0.    690.    503.      0.   1584.    589.   0.56   2.42   1.00   0.34    195.      0.     46.     48.     51.      0.    425.    175.   196.   420.   1.00   1.00    -13.      0.     43.      0.     52.      0.    -5.9     0.0     8.9    10.4     0.0    -67.      0.     87.    103.      1.
 131   1489.      0.   1861.    686.      0.   3350.    719.   0.69   3.68   1.00   0.34    213.      0.     64.     53.     51.      0.    420.    170.   261.   498.   1.00   1.00    -10.      0.     75.      0.     83.      0.   -10.1     0.0    15.1    16.6     0.0    -99.      0.    149.    165.      1.
 141   1714.      1.   2675.    757.      0.   4390.    809.   0.77   4.15   1.00   0.35    260.      0.     79.     56.     65.      0.    435.    185.   312.   555.   1.00   1.00    -19.      0.     84.      0.     92.      0.   -12.0     0.0    17.0    18.5     0.0   -118.      0.    168.    184.      1.
 151   1929.     66.   4565.    862.      0.   6559.    943.   0.90   4.59   1.00   0.35    290.      0.    108.     60.     65.      0.    431.    181.   391.   640.   1.00   1.00    -39.      0.    104.      0.    112.      0.   -16.1     0.0    21.1    22.5     0.1   -159.      0.    209.    224.      1.
 161   1836.    185.   5746.    908.    603.   8371.   1076.   1.02   4.36   1.00   0.34    314.      0.    132.     63.     65.      0.    429.    179.   458.   712.   1.00   1.00    -46.      0.    111.      0.    118.      1.   -17.3     0.0    22.3    23.7     0.1   -171.      0.    221.    235.      2.
 171   1419.    602.   5746.    940.   3163.  10931.   1203.   1.15   3.37   1.00   0.33    332.      0.    158.     67.     65.      0.    416.    166.   545.   808.   1.00   1.00    -52.      0.    117.      0.    122.      3.   -17.9     0.0    22.9    24.1     0.3   -171.      0.    221.    232.      6.
 181   1058.    963.   5746.    942.   5070.  12838.   1351.   1.30   2.52   1.00   0.34    370.      0.    181.     73.     65.      0.    425.    175.   609.   886.   1.00   1.00    -69.      0.    134.      0.    138.      4.   -20.0     0.0    25.0    26.0     0.5   -171.      0.    221.    228.      9.
 191    782.   1239.   5746.    942.   6182.  13950.   1504.   1.45   1.86   1.00   0.34    404.      0.    196.     81.     74.      0.    430.    180.   650.   941.   1.00   1.00    -69.      0.    134.      0.    137.      5.   -20.0     0.0    25.0    25.9     0.7   -171.      0.    221.    226.     12.
 201    564.   1457.   5090.    834.   7674.  15441.   1672.   1.62   1.34   1.00   0.33    411.      0.    215.     90.     74.      0.    407.    157.   718.  1052.   1.00   1.00    -69.      0.    134.      0.    135.      8.   -20.0     0.0    25.0    25.6     1.0   -171.      0.    221.    220.     17.
 211    391.   1630.   4159.    682.   8197.  15965.   1867.   1.82   0.93   1.00   0.35    480.      0.    227.    100.     91.      0.    438.    187.   752.  1119.   1.00   1.00    -69.      0.    134.      0.    132.     10.   -20.0     0.0    25.0    25.2     1.4   -171.      0.    221.    213.     24.
 221    282.   1740.   3398.    557.   8420.  16187.   2034.   1.98   0.67   1.00   0.34    488.      0.    235.    113.     91.      0.    424.    174.   779.  1190.   1.00   1.00    -69.      0.    134.      0.    130.     13.   -20.0     0.0    25.0    24.8     1.7   -171.      0.    221.    208.     30.
 223    271.   1750.   3330.    546.   8428.  16196.   2055.   2.00   0.65   1.00   0.35    506.      0.    235.    115.     93.      0.    437.    187.   781.  1195.   1.00   1.00    -69.      0.    134.      0.    130.     13.   -20.0     0.0    25.0    24.8     1.7   -171.      0.    221.    207.     30.


DATA-FILE  WAGI1PTS.OUT


Name of run: WAGI1


Station=  WAGE , Soil=  1, Crop=  1,    Irr.=  1, IOPT=  1, Runof=0.00, CO2=370.

 Planting on day   0, 1973
 Crop emergence on day   1, 1973
 Wageningen, irrig.,wheat var.1, RUE=3.0                                         

 Crop PRODUCTION AND SOIL WATER STATUS
 =======================================
 DAY   WLVG    WLVD    WST      WRT     WSO    TAGB   TSUML     DVS   LAI  TRANRF  SMACT  TRAIN   TIRR  TTRANS   TESOIL    TDRAIN  TRUNOF   WTOT  WAVT   PARAB    PAR    NNI   NPKI    NMINT   NMIN    NUPT    NFIX    NLIV    NLOSS   PMINT   PMIN    PUPT    PLIV    PLOSS   KMINT   KMIN    KUPT    KLIV    KLOSS   
   1     68.      0.     37.    105.      0.    105.      0.   0.00   0.14   1.00   0.30      0.      0.      0.      0.      0.      0.     30.     10.     0.     0.   1.00   1.00      0.     30.      0.      0.      8.      0.     0.0     3.0     0.0     1.5     0.0      0.     20.      0.     16.      0.
  11     69.      0.     37.    105.      0.    105.     20.   0.02   0.17   1.00   0.31      1.      0.      0.      0.      0.      0.     64.     22.     1.     8.   1.00   1.00      7.     22.      0.      0.      9.      0.     0.6     2.2     0.1     1.6     0.0      4.     15.      1.     17.      0.
  21     69.      0.     37.    107.      0.    107.     41.   0.04   0.20   1.00   0.31      6.      0.      0.      1.      0.      0.    103.     37.     2.    18.   1.00   1.00     15.     15.      0.      0.      9.      0.     1.4     1.5     0.1     1.6     0.0      9.     10.      1.     17.      0.
  31     73.      0.     39.    112.      0.    112.     82.   0.08   0.28   1.00   0.35     26.      0.      0.      3.      0.      0.    156.     67.     3.    31.   1.00   1.00     22.      8.      0.      0.      9.      0.     2.1     0.7     0.1     1.6     0.0     14.      5.      1.     17.      0.
  41     77.      0.     41.    118.      0.    118.    119.   0.11   0.38   1.00   0.35     39.      0.      1.      5.      0.      0.    198.     85.     6.    43.   1.00   1.00     30.      0.      0.      0.      9.      0.     2.8     0.0     0.2     1.7     0.0     19.      0.      1.     17.      0.
  51     77.      0.     42.    119.      0.    119.    141.   0.13   0.46   1.00   0.35     85.      0.      2.      8.     13.      0.    241.    103.    10.    63.   1.00   1.00     30.      0.      0.      0.      9.      0.     2.8     0.0     0.2     1.7     0.0     19.      0.      1.     17.      0.
  61     81.      0.     43.    123.      0.    124.    169.   0.16   0.57   1.00   0.35     99.      0.      3.     11.     22.      0.    283.    121.    19.    95.   1.00   1.00     29.      0.      1.      0.      9.      0.     2.8     0.0     0.2     1.7     0.0     19.      0.      1.     17.      0.
  71    108.      0.     56.    152.      0.    164.    219.   0.21   0.77   1.00   0.35    110.      0.      4.     15.     30.      0.    323.    137.    32.   133.   1.00   1.00     27.      0.      3.      0.     11.      0.     2.4     0.0     0.6     2.1     0.0     15.      0.      5.     21.      0.
  81    131.      0.     66.    171.      0.    197.    260.   0.25   0.82   1.00   0.35    112.      0.      7.     19.     30.      0.    362.    152.    50.   181.   1.00   1.00     27.      0.      3.      0.     12.      0.     2.2     0.0     0.8     2.3     0.0     13.      0.      7.     23.      0.
  91    160.      0.     80.    189.      0.    240.    324.   0.31   0.88   1.00   0.35    119.      0.     10.     22.     30.      0.    403.    170.    73.   239.   1.00   1.00     25.      0.      5.      0.     13.      0.     1.8     0.0     1.2     2.7     0.0     10.      0.     10.     27.      0.
 101    206.      0.    107.    213.      0.    312.    370.   0.35   0.98   1.00   0.35    169.      0.     16.     33.     60.      0.    435.    185.    96.   292.   1.00   1.00     22.      0.      8.      0.     16.      0.     1.3     0.0     1.7     3.2     0.0      5.      0.     15.     31.      0.
 111    318.      0.    182.    258.      0.    500.    425.   0.40   1.22   1.00   0.35    186.      0.     21.     41.     62.      0.    436.    186.   125.   354.   1.00   1.00     17.      0.     13.      0.     21.      0.     0.2     0.0     2.8     4.3     0.0     -6.      0.     26.     43.      0.
 121    595.      0.    406.    351.      0.   1002.    500.   0.48   1.81   1.00   0.35    199.      0.     31.     47.     63.      0.    433.    183.   169.   429.   1.00   1.00      1.      0.     29.      0.     37.      0.    -2.9     0.0     5.9     7.4     0.0    -37.      0.     57.     74.      0.
 131   1013.      0.    883.    477.      0.   1896.    606.   0.58   2.69   1.00   0.35    225.      0.     43.     55.     67.      0.    435.    185.   211.   488.   1.00   1.00     17.      0.     48.      0.     57.      0.    -4.9     0.0     9.9    11.4     0.0    -47.      0.     97.    113.      0.
 141   1490.      0.   1844.    624.      0.   3334.    711.   0.68   3.70   1.00   0.33    234.      0.     67.     59.     67.      0.    416.    166.   296.   589.   1.00   1.00     -7.      0.     72.      0.     80.      0.    -9.5     0.0    14.5    16.0     0.0    -93.      0.    143.    160.      0.
 151   1942.     36.   3706.    781.      0.   5684.    861.   0.82   4.65   1.00   0.32    255.      0.     95.     64.     67.      0.    405.    155.   379.   679.   1.00   1.00    -37.      0.    102.      0.    110.      0.   -15.6     0.0    20.6    22.1     0.0   -154.      0.    204.    220.      1.
 161   1977.    137.   5693.    855.      0.   7807.    991.   0.94   4.70   1.00   0.32    272.      0.    119.     66.     67.      0.    395.    145.   460.   765.   1.00   1.00    -50.      0.    115.      0.    123.      1.   -18.2     0.0    23.2    24.6     0.1   -180.      0.    230.    245.      2.
 171   1629.    485.   6265.    911.   2368.  10747.   1139.   1.09   3.87   1.00   0.29    272.      0.    151.     67.     67.      0.    363.    113.   562.   875.   1.00   1.00    -55.      0.    120.      0.    126.      2.   -18.9     0.0    23.9    25.1     0.3   -185.      0.    235.    247.      5.
 181   1129.    986.   6265.    922.   5259.  13638.   1334.   1.28   2.68   1.00   0.31    285.     60.    187.     75.     67.      0.    391.    141.   658.   987.   1.00   1.00    -72.      0.    137.      0.    142.      4.   -21.0     0.0    26.0    27.0     0.5   -185.      0.    235.    243.      9.
 191    788.   1327.   6265.    922.   7696.  16075.   1525.   1.47   1.87   1.00   0.28    285.     60.    216.     82.     67.      0.    356.    106.   746.  1104.   1.00   1.00    -75.      0.    140.      0.    143.      5.   -21.3     0.0    26.3    27.1     0.7   -185.      0.    235.    240.     12.
 201    564.   1550.   5330.    784.   8665.  17044.   1696.   1.65   1.34   1.00   0.28    310.     60.    232.     95.     67.      0.    352.    102.   792.  1178.   1.00   1.00    -75.      0.    140.      0.    140.      9.   -21.3     0.0    26.3    26.7     1.1   -185.      0.    235.    232.     20.
 211    414.   1700.   4355.    641.   9130.  17509.   1851.   1.80   0.98   1.00   0.28    335.     60.    243.    109.     67.      0.    352.    102.   823.  1240.   1.00   1.00    -75.      0.    140.      0.    137.     11.   -21.3     0.0    26.3    26.3     1.5   -185.      0.    235.    225.     27.
 221    295.   1820.   3558.    524.   9365.  17744.   2027.   1.98   0.70   1.00   0.28    361.     60.    252.    126.     67.      0.    352.    102.   851.  1310.   1.00   1.00    -75.      0.    140.      0.    134.     14.   -21.3     0.0    26.3    26.0     1.9   -185.      0.    235.    220.     32.
 224    276.   1838.   3417.    503.   9397.  17776.   2060.   2.01   0.66   1.00   0.28    361.     60.    254.    128.     67.      0.    348.     98.   858.  1331.   1.00   1.00    -75.      0.    140.      0.    134.     14.   -21.3     0.0    26.3    25.9     1.9   -185.      0.    235.    219.     33.


DATA-FILE  WAGI1PTS.OUT


Name of run: WAGI1


Station=  WAGE , Soil=  1, Crop=  1,    Irr.=  1, IOPT=  1, Runof=0.00, CO2=370.

 Planting on day   0, 1974
 Crop emergence on day   1, 1974
 Wageningen, irrig.,wheat var.1, RUE=3.0                                         

 Crop PRODUCTION AND SOIL WATER STATUS
 =======================================
 DAY   WLVG    WLVD    WST      WRT     WSO    TAGB   TSUML     DVS   LAI  TRANRF  SMACT  TRAIN   TIRR  TTRANS   TESOIL    TDRAIN  TRUNOF   WTOT  WAVT   PARAB    PAR    NNI   NPKI    NMINT   NMIN    NUPT    NFIX    NLIV    NLOSS   PMINT   PMIN    PUPT    PLIV    PLOSS   KMINT   KMIN    KUPT    KLIV    KLOSS   
   1     68.      0.     37.    105.      0.    105.      0.   0.00   0.14   1.00   0.30      0.      0.      0.      0.      0.      0.     30.     10.     0.     0.   1.00   1.00      0.     30.      0.      0.      8.      0.     0.0     3.0     0.0     1.5     0.0      0.     20.      0.     16.      0.
  11     70.      0.     38.    107.      0.    107.     32.   0.03   0.19   1.00   0.35     23.      0.      0.      2.      0.      0.     72.     31.     1.    10.   1.00   1.00      7.     22.      0.      0.      8.      0.     0.6     2.2     0.1     1.6     0.0      4.     15.      1.     17.      0.
  21     76.      0.     41.    116.      0.    116.    111.   0.11   0.36   1.00   0.34     43.      0.      1.      9.      0.      0.    112.     46.     2.    18.   1.00   1.00     15.     15.      0.      0.      9.      0.     1.3     1.5     0.2     1.7     0.0      9.     10.      1.     17.      0.
  31     83.      0.     45.    127.      0.    128.    160.   0.15   0.53   1.00   0.35     59.      0.      2.     12.      0.      0.    157.     67.     5.    30.   1.00   1.00     22.      8.      1.      0.      9.      0.     2.0     0.7     0.2     1.7     0.0     14.      5.      1.     18.      0.
  41     95.      0.     50.    140.      0.    146.    206.   0.20   0.78   1.00   0.35     82.      0.      3.     15.      1.      0.    199.     85.    10.    46.   1.00   1.00     29.      0.      1.      0.     10.      0.     2.6     0.0     0.4     1.9     0.0     17.      0.      3.     19.      0.
  51    146.      0.     73.    183.      0.    219.    276.   0.26   0.89   1.00   0.34     84.      0.      6.     19.      1.      0.    236.     98.    19.    70.   1.00   1.00     25.      0.      5.      0.     13.      0.     1.9     0.0     1.1     2.6     0.0     10.      0.     10.     26.      0.
  61    148.      0.     74.    184.      0.    222.    300.   0.29   0.89   1.00   0.35     93.      0.      8.     21.      2.      0.    283.    121.    34.   106.   1.00   1.00     25.      0.      5.      0.     13.      0.     1.9     0.0     1.1     2.6     0.0     10.      0.     10.     26.      0.
  71    156.      0.     78.    189.      0.    234.    323.   0.31   0.91   1.00   0.35    108.      0.     10.     24.     14.      0.    322.    137.    46.   135.   1.00   1.00     25.      0.      5.      0.     13.      0.     1.9     0.0     1.1     2.6     0.0     10.      0.     10.     26.      0.
  81    211.      0.    110.    216.      0.    321.    381.   0.36   1.03   1.00   0.35    142.      0.     14.     30.     37.      0.    366.    156.    61.   169.   1.00   1.00     22.      0.      8.      0.     16.      0.     1.3     0.0     1.7     3.2     0.0      5.      0.     15.     32.      0.
  91    401.      0.    246.    287.      0.    647.    467.   0.44   1.43   1.00   0.34    144.      0.     19.     34.     37.      0.    399.    166.    90.   225.   1.00   1.00     12.      0.     18.      0.     26.      0.    -0.8     0.0     3.8     5.3     0.0    -16.      0.     36.     52.      0.
 101    969.      0.    819.    462.      0.   1788.    583.   0.56   2.63   1.00   0.33    144.      0.     33.     37.     37.      0.    411.    161.   151.   312.   1.00   1.00    -17.      0.     47.      0.     55.      0.    -6.7     0.0     9.7    11.2     0.0    -75.      0.     95.    111.      0.
 111   1100.      0.   1004.    501.      0.   2103.    652.   0.62   2.91   1.00   0.32    144.      0.     48.     38.     37.      0.    395.    145.   225.   403.   1.00   1.00    -25.      0.     55.      0.     63.      0.    -8.1     0.0    11.1    12.6     0.0    -89.      0.    109.    125.      0.
 121   1197.      0.   1235.    531.      0.   2432.    718.   0.68   3.12   1.00   0.31    153.      0.     61.     41.     37.      0.    389.    139.   280.   469.   1.00   1.00    -26.      0.     56.      0.     65.      0.    -8.5     0.0    11.5    13.0     0.0    -93.      0.    113.    129.      0.
 131   1407.      0.   1934.    597.      0.   3341.    805.   0.77   3.56   1.00   0.30    157.      0.     76.     43.     37.      0.    376.    126.   331.   527.   1.00   1.00     -1.      0.     66.      0.     74.      0.    -8.4     0.0    13.4    14.9     0.0    -82.      0.    132.    149.      0.
 141   1714.      5.   4177.    717.      0.   5896.    946.   0.90   4.21   1.00   0.30    187.      0.    105.     46.     37.      0.    374.    124.   421.   628.   1.00   1.00    -24.      0.     89.      0.     97.      0.   -13.0     0.0    18.0    19.5     0.0   -128.      0.    178.    194.      1.
 151   1683.     62.   5653.    768.    478.   7875.   1059.   1.01   4.13   1.00   0.29    204.      0.    131.     50.     37.      0.    361.    111.   511.   725.   1.00   1.00    -34.      0.     99.      0.    107.      0.   -14.9     0.0    19.9    21.4     0.1   -147.      0.    197.    213.      1.
 161   1323.    422.   5653.    795.   2459.   9856.   1179.   1.13   3.24   1.00   0.30    244.      0.    155.     54.     37.      0.    372.    122.   590.   814.   1.00   1.00    -40.      0.    105.      0.    111.      2.   -15.6     0.0    20.6    21.9     0.2   -147.      0.    197.    210.      4.
 171    983.    762.   5653.    801.   4993.  12391.   1331.   1.28   2.41   1.00   0.28    255.      0.    181.     60.     37.      0.    352.    102.   678.   921.   1.00   1.00    -57.      0.    122.      0.    127.      3.   -17.8     0.0    22.8    23.9     0.4   -147.      0.    197.    206.      7.
 181    716.   1028.   5653.    801.   6873.  14271.   1491.   1.44   1.76   1.00   0.27    274.      0.    199.     68.     37.      0.    343.     93.   744.  1012.   1.00   1.00    -62.      0.    127.      0.    131.      4.   -18.4     0.0    23.4    24.4     0.5   -147.      0.    197.    204.     10.
 191    531.   1214.   5109.    724.   7884.  15281.   1639.   1.59   1.30   1.00   0.29    312.      0.    213.     79.     37.      0.    357.    107.   789.  1088.   1.00   1.00    -62.      0.    127.      0.    129.      6.   -18.4     0.0    23.4    24.1     0.8   -147.      0.    197.    199.     15.
 201    397.   1348.   4175.    592.   8504.  15901.   1784.   1.73   0.97   1.00   0.28    328.      0.    224.     92.     37.      0.    349.     99.   825.  1161.   1.00   1.00    -62.      0.    127.      0.    126.      9.   -18.4     0.0    23.4    23.7     1.2   -147.      0.    197.    193.     21.
 211    293.   1451.   3411.    483.   8850.  16247.   1936.   1.89   0.72   1.00   0.27    339.      0.    233.    104.     37.      0.    340.     90.   855.  1236.   1.00   1.00    -62.      0.    127.      0.    124.     11.   -18.4     0.0    23.4    23.4     1.5   -147.      0.    197.    187.     26.
 220    231.   1514.   2902.    411.   8957.  16354.   2058.   2.01   0.57   1.00   0.27    348.      0.    238.    111.     37.      0.    336.     86.   872.  1290.   1.00   1.00    -62.      0.    127.      0.    123.     13.   -18.4     0.0    23.4    23.2     1.7   -147.      0.    197.    184.     30.


DATA-FILE  WAGI1PTS.OUT


Name of run: WAGW2


Station=  WAGE , Soil=  1, Crop=  1,    Irr.=  0, IOPT=  2, Runof=0.00, CO2=370.

 Planting on day   0, 1969
 Crop emergence on day   1, 1969
 Wageningen, water limit.,wheat var.1, RUE=3.0                                   

 Crop PRODUCTION AND SOIL WATER STATUS
 =======================================
 DAY   WLVG    WLVD    WST      WRT     WSO    TAGB   TSUML     DVS   LAI  TRANRF  SMACT  TRAIN   TIRR  TTRANS   TESOIL    TDRAIN  TRUNOF   WTOT  WAVT   PARAB    PAR    NNI   NPKI    NMINT   NMIN    NUPT    NFIX    NLIV    NLOSS   PMINT   PMIN    PUPT    PLIV    PLOSS   KMINT   KMIN    KUPT    KLIV    KLOSS   
   1     68.      0.     37.    105.      0.    105.      0.   0.00   0.14   1.00   0.30      0.      0.      0.      0.      0.      0.     30.     10.     0.     0.   1.00   1.00      0.     30.      0.      0.      8.      0.     0.0     3.0     0.0     1.5     0.0      0.     20.      0.     16.      0.
  11     68.      0.     37.    105.      0.    105.     13.   0.01   0.16   1.00   0.31      4.      0.      0.      1.      0.      0.     65.     24.     1.     7.   1.00   1.00      7.     22.      0.      0.      8.      0.     0.7     2.2     0.1     1.6     0.0      4.     15.      1.     17.      0.
  21     70.      0.     38.    108.      0.    108.     59.   0.06   0.23   1.00   0.35     19.      0.      0.      2.      0.      0.    114.     49.     1.    14.   1.00   1.00     15.     15.      0.      0.      8.      0.     1.4     1.5     0.1     1.6     0.0      9.     10.      1.     17.      0.
  31     76.      0.     41.    117.      0.    118.    125.   0.12   0.40   1.00   0.35     34.      0.      1.      4.      0.      0.    155.     65.     3.    23.   1.00   1.00     22.      8.      0.      0.      8.      0.     2.2     0.7     0.1     1.6     0.0     14.      5.      1.     17.      0.
  41     80.      0.     43.    122.      0.    123.    148.   0.14   0.49   1.00   0.35     53.      0.      2.      7.      0.      0.    198.     85.     8.    43.   1.00   1.00     30.      0.      0.      0.      9.      0.     2.9     0.0     0.1     1.7     0.0     19.      0.      1.     17.      0.
  51     80.      0.     43.    122.      0.    123.    148.   0.14   0.49   1.00   0.35     75.      0.      2.      8.      2.      0.    241.    103.    14.    68.   1.00   1.00     30.      0.      0.      0.      9.      0.     2.9     0.0     0.1     1.7     0.0     19.      0.      1.     17.      0.
  61     89.      0.     47.    133.      0.    136.    168.   0.16   0.57   1.00   0.35     80.      0.      3.     11.      6.      0.    281.    119.    20.    89.   1.00   1.00     29.      0.      1.      0.      9.      0.     2.7     0.0     0.3     1.8     0.0     18.      0.      2.     19.      0.
  71     90.      0.     48.    135.      0.    139.    192.   0.18   0.69   1.00   0.35     85.      0.      5.     13.      6.      0.    324.    139.    34.   134.   1.00   1.00     29.      0.      1.      0.      9.      0.     2.7     0.0     0.3     1.8     0.0     17.      0.      3.     19.      0.
  81     99.      0.     52.    144.      0.    152.    221.   0.21   0.79   1.00   0.35    119.      0.      7.     17.     35.      0.    365.    155.    44.   160.   1.00   1.00     28.      0.      2.      0.     10.      0.     2.6     0.0     0.4     1.9     0.0     16.      0.      4.     20.      0.
  91    105.      0.     55.    149.      0.    159.    245.   0.23   0.80   1.00   0.35    137.      0.     10.     21.     44.      0.    409.    175.    61.   205.   1.00   1.00     28.      0.      2.      0.     10.      0.     2.6     0.0     0.4     1.9     0.0     16.      0.      4.     20.      0.
 101    408.      0.    201.    345.      0.    609.    339.   0.32   1.44   1.00   0.34    139.      0.     19.     30.     44.      0.    421.    171.    95.   285.   1.00   1.00     11.      0.     19.      0.     27.      0.    -0.8     0.0     3.8     5.3     0.0    -18.      0.     38.     54.      0.
 111    495.      0.    254.    385.      0.    748.    394.   0.38   1.63   1.00   0.35    184.      0.     28.     38.     59.      0.    434.    184.   133.   347.   1.00   1.00      4.      0.     26.      0.     34.      0.    -2.2     0.0     5.2     6.7     0.0    -32.      0.     52.     68.      0.
 121    907.      0.    570.    529.      0.   1477.    486.   0.46   2.50   1.00   0.34    212.      0.     40.     46.     73.      0.    429.    179.   186.   421.   1.00   1.00    -17.      0.     47.      0.     56.      0.    -6.6     0.0     9.6    11.1     0.0    -75.      0.     95.    111.      0.
 131   1515.      0.   1262.    714.      0.   2777.    613.   0.58   3.79   1.00   0.34    227.      0.     57.     50.     73.      0.    422.    172.   240.   486.   1.00   1.00    -10.      0.     75.      0.     83.      0.   -10.1     0.0    15.1    16.6     0.0   -100.      0.    150.    166.      0.
 141   1933.     54.   2286.    860.      0.   4274.    749.   0.71   4.66   1.00   0.34    259.      0.     82.     54.     73.      0.    426.    176.   302.   553.   1.00   1.00    -32.      0.     97.      0.    105.      0.   -14.5     0.0    19.5    20.9     0.1   -143.      0.    193.    209.      1.
 151   2196.    201.   4169.    996.      0.   6566.    884.   0.84   5.18   1.00   0.33    276.      0.    111.     57.     73.      0.    410.    160.   389.   644.   1.00   1.00    -50.      0.    115.      0.    122.      1.   -18.1     0.0    23.1    24.5     0.1   -180.      0.    230.    244.      2.
 161   2114.    378.   6216.   1064.      0.   8708.   1004.   0.96   4.96   1.00   0.33    316.      0.    141.     60.     76.      0.    414.    164.   468.   728.   1.00   1.00    -62.      0.    127.      0.    134.      2.   -20.6     0.0    25.6    26.9     0.2   -205.      0.    255.    268.      4.
 171   1629.    863.   6858.   1120.   2526.  11875.   1182.   1.13   3.83   1.00   0.31    331.      0.    184.     63.     76.      0.    382.    132.   575.   842.   1.00   1.00    -71.      0.    136.      0.    141.      4.   -21.9     0.0    26.9    28.0     0.5   -216.      0.    266.    274.      8.
 181   1210.   1282.   6858.   1125.   4366.  13715.   1331.   1.28   2.84   1.00   0.30    346.      0.    205.     68.     76.      0.    371.    121.   636.   912.   1.00   1.00    -85.      0.    150.      0.    153.      5.   -23.6     0.0    28.6    29.5     0.7   -216.      0.    266.    270.     12.
 191    881.   1610.   6858.   1125.   6288.  15638.   1492.   1.44   2.07   1.00   0.29    366.      0.    228.     75.     76.      0.    361.    111.   704.  1001.   1.00   1.00    -88.      0.    153.      0.    155.      7.   -24.0     0.0    29.0    29.7     0.8   -216.      0.    266.    267.     15.
 201    637.   1854.   6075.    996.   7489.  16838.   1658.   1.61   1.50   1.00   0.27    376.      0.    246.     84.     76.      0.    344.     94.   759.  1084.   1.00   1.00    -88.      0.    153.      0.    152.      9.   -24.0     0.0    29.0    29.3     1.2   -216.      0.    266.    261.     22.
 211    430.   2062.   4964.    814.   8232.  17581.   1873.   1.82   1.01   1.00   0.26    389.      0.    265.     97.     76.      0.    326.     76.   808.  1177.   1.00   1.00    -88.      0.    153.      0.    149.     13.   -24.0     0.0    29.0    28.8     1.7   -216.      0.    266.    252.     30.
 221    305.   2186.   4139.    679.   8490.  17840.   2057.   2.01   0.72   0.78   0.25    406.      0.    277.    112.     76.      0.    316.     66.   843.  1264.   1.00   1.00    -88.      0.    153.      0.    146.     15.   -24.0     0.0    29.0    28.4     2.1   -216.      0.    266.    246.     36.


DATA-FILE  WAGI1PTS.OUT


Name of run: WAGW2


Station=  WAGE , Soil=  1, Crop=  1,    Irr.=  0, IOPT=  2, Runof=0.00, CO2=370.

 Planting on day   0, 1970
 Crop emergence on day   1, 1970
 Wageningen, water limit.,wheat var.1, RUE=3.0                                   

 Crop PRODUCTION AND SOIL WATER STATUS
 =======================================
 DAY   WLVG    WLVD    WST      WRT     WSO    TAGB   TSUML     DVS   LAI  TRANRF  SMACT  TRAIN   TIRR  TTRANS   TESOIL    TDRAIN  TRUNOF   WTOT  WAVT   PARAB    PAR    NNI   NPKI    NMINT   NMIN    NUPT    NFIX    NLIV    NLOSS   PMINT   PMIN    PUPT    PLIV    PLOSS   KMINT   KMIN    KUPT    KLIV    KLOSS   
   1     68.      0.     37.    105.      0.    105.      0.   0.00   0.14   1.00   0.30      0.      0.      0.      0.      0.      0.     30.     10.     0.     0.   1.00   1.00      0.     30.      0.      0.      8.      0.     0.0     3.0     0.0     1.5     0.0      0.     20.      0.     16.      1.
  11     68.      0.     37.    105.      0.    105.      1.   0.00   0.15   1.00   0.35     13.      0.      0.      2.      0.      0.     72.     31.     1.     9.   1.00   1.00      7.     22.      1.      0.      9.      0.     0.6     2.2     0.2     1.7     0.0      4.     15.      1.     17.      1.
  21     69.      0.     37.    106.      0.    106.     27.   0.03   0.18   1.00   0.34     18.      0.      0.      2.      0.      0.    112.     46.     2.    17.   1.00   1.00     14.     15.      1.      0.      9.      0.     1.3     1.5     0.2     1.7     0.0      9.     10.      1.     17.      1.
  31     70.      0.     38.    107.      0.    107.     52.   0.05   0.22   1.00   0.35     42.      0.      0.      3.      0.      0.    155.     65.     3.    27.   1.00   1.00     22.      8.      1.      0.      9.      0.     2.1     0.7     0.2     1.7     0.0     14.      5.      1.     17.      1.
  41     71.      0.     38.    109.      0.    109.     69.   0.07   0.25   1.00   0.35     75.      0.      1.      6.      6.      0.    199.     85.     5.    47.   1.00   1.00     29.      0.      1.      0.      9.      0.     2.8     0.0     0.2     1.7     0.0     19.      0.      1.     17.      1.
  51     71.      0.     38.    109.      0.    109.     72.   0.07   0.26   1.00   0.35    102.      0.      1.      7.     31.      0.    241.    103.     9.    71.   1.00   1.00     29.      0.      1.      0.      9.      0.     2.8     0.0     0.2     1.7     0.0     19.      0.      1.     17.      1.
  61     75.      0.     40.    115.      0.    115.    101.   0.10   0.33   1.00   0.35    148.      0.      2.     12.     72.      0.    283.    121.    12.    92.   1.00   1.00     29.      0.      1.      0.      9.      0.     2.8     0.0     0.2     1.7     0.0     19.      0.      1.     17.      1.
  71     75.      0.     40.    115.      0.    115.    106.   0.10   0.35   1.00   0.35    155.      0.      2.     15.     75.      0.    324.    139.    20.   135.   1.00   1.00     29.      0.      1.      0.      9.      0.     2.8     0.0     0.2     1.7     0.0     19.      0.      1.     17.      1.
  81     86.      0.     46.    131.      0.    132.    145.   0.14   0.47   1.00   0.35    165.      0.      3.     20.     79.      0.    367.    157.    26.   166.   1.00   1.00     29.      0.      1.      0.      9.      0.     2.7     0.0     0.3     1.8     0.0     18.      0.      2.     18.      1.
  91    104.      0.     55.    152.      0.    159.    185.   0.18   0.65   1.00   0.35    202.      0.      6.     28.    105.      0.    409.    175.    39.   212.   1.00   1.00     28.      0.      2.      0.     11.      0.     2.4     0.0     0.6     2.0     0.0     16.      0.      4.     20.      1.
 101    105.      0.     56.    154.      0.    161.    208.   0.20   0.76   1.00   0.35    240.      0.      9.     36.    133.      0.    438.    187.    57.   262.   1.00   1.00     27.      0.      3.      0.     11.      0.     2.3     0.0     0.7     2.2     0.0     14.      0.      6.     22.      1.
 111    241.      0.    116.    265.      0.    358.    290.   0.28   1.05   1.00   0.35    254.      0.     14.     45.    137.      0.    432.    182.    78.   313.   1.00   1.00     18.      0.     12.      0.     20.      0.     0.5     0.0     2.5     4.0     0.0     -4.      0.     24.     40.      1.
 121    420.      0.    214.    362.      0.    634.    369.   0.35   1.43   1.00   0.35    286.      0.     21.     56.    148.      0.    436.    186.   106.   367.   1.00   1.00      9.      0.     21.      0.     29.      0.    -1.3     0.0     4.3     5.8     0.0    -21.      0.     41.     58.      1.
 131   1188.      0.    799.    635.      0.   1986.    501.   0.48   3.06   1.00   0.34    291.      0.     37.     61.    148.      0.    419.    169.   164.   451.   1.00   1.00      5.      0.     60.      0.     68.      0.    -7.1     0.0    12.1    13.6     0.0    -69.      0.    119.    135.      1.
 141   2003.     27.   1841.    891.      0.   3871.    636.   0.61   4.78   1.00   0.32    297.      0.     58.     64.    148.      0.    402.    152.   237.   531.   1.00   1.00    -36.      0.    101.      0.    109.      0.   -15.4     0.0    20.4    21.9     0.0   -152.      0.    202.    217.      1.
 151   2365.    215.   3174.   1061.      0.   5753.    757.   0.72   5.50   1.00   0.31    306.      0.     84.     66.    148.      0.    383.    133.   312.   610.   1.00   1.00    -59.      0.    124.      0.    131.      1.   -19.9     0.0    24.9    26.3     0.1   -198.      0.    248.    262.      3.
 161   2529.    525.   5642.   1225.      0.   8697.    923.   0.88   5.79   1.00   0.27    307.      0.    127.     67.    148.      0.    340.     90.   424.   726.   1.00   1.00    -80.      0.    145.      0.    151.      2.   -24.2     0.0    29.2    30.4     0.3   -240.      0.    290.    301.      5.
 171   2178.    939.   7875.   1309.    880.  11871.   1092.   1.04   4.98   0.81   0.25    315.      0.    165.     68.    148.      0.    309.     59.   537.   843.   1.00   1.00    -94.      0.    159.      0.    164.      4.   -27.0     0.0    32.0    33.0     0.5   -268.      0.    318.    326.      9.
 181   1543.   1574.   7875.   1327.   2864.  13855.   1272.   1.22   3.53   1.00   0.24    329.      0.    190.     71.    148.      0.    295.     45.   617.   930.   1.00   1.00    -98.      0.    163.      0.    165.      7.   -27.1     0.0    32.1    32.8     0.8   -268.      0.    318.    320.     15.
 191   1116.   2001.   7875.   1327.   4515.  15506.   1440.   1.39   2.55   1.00   0.25    375.      0.    213.     78.    148.      0.    311.     61.   675.   999.   1.00   1.00   -104.      0.    169.      0.    169.      8.   -27.7     0.0    32.7    33.2     1.0   -268.      0.    318.    316.     19.
 201    826.   2291.   7563.   1274.   5752.  16743.   1590.   1.54   1.89   1.00   0.28    433.      0.    230.     85.    148.      0.    345.     95.   727.  1070.   1.00   1.00   -104.      0.    169.      0.    167.     10.   -27.7     0.0    32.7    33.0     1.3   -268.      0.    318.    312.     23.
 211    604.   2513.   6179.   1041.   6491.  17482.   1748.   1.70   1.38   1.00   0.28    460.      0.    245.     96.    148.      0.    345.     95.   767.  1133.   1.00   1.00   -104.      0.    169.      0.    163.     14.   -27.7     0.0    32.7    32.4     1.9   -268.      0.    318.    302.     33.
 221    420.   2697.   5049.    851.   7069.  18060.   1941.   1.89   0.96   1.00   0.27    472.      0.    258.    105.    148.      0.    335.     85.   812.  1220.   1.00   1.00   -104.      0.    169.      0.    159.     18.   -27.7     0.0    32.7    31.9     2.4   -268.      0.    318.    294.     41.
 229    336.   2781.   4383.    738.   7209.  18200.   2054.   2.00   0.77   1.00   0.26    484.      0.    264.    115.    148.      0.    331.     81.   835.  1276.   1.00   1.00   -104.      0.    169.      0.    158.     20.   -27.7     0.0    32.7    31.6     2.6   -268.      0.    318.    289.     46.


DATA-FILE  WAGI1PTS.OUT


Name of run: WAGW2


Station=  WAGE , Soil=  1, Crop=  1,    Irr.=  0, IOPT=  2, Runof=0.00, CO2=370.

 Planting on day   0, 1971
 Crop emergence on day   1, 1971
 Wageningen, water limit.,wheat var.1, RUE=3.0                                   

 Crop PRODUCTION AND SOIL WATER STATUS
 =======================================
 DAY   WLVG    WLVD    WST      WRT     WSO    TAGB   TSUML     DVS   LAI  TRANRF  SMACT  TRAIN   TIRR  TTRANS   TESOIL    TDRAIN  TRUNOF   WTOT  WAVT   PARAB    PAR    NNI   NPKI    NMINT   NMIN    NUPT    NFIX    NLIV    NLOSS   PMINT   PMIN    PUPT    PLIV    PLOSS   KMINT   KMIN    KUPT    KLIV    KLOSS   
   1     68.      0.     37.    105.      0.    105.      0.   0.00   0.14   1.00   0.30      0.      0.      0.      0.      0.      0.     30.     10.     0.     0.   1.00   1.00      0.     30.      0.      0.      8.      0.     0.0     3.0     0.0     1.5     0.0      0.     20.      0.     16.      1.
  11     68.      0.     37.    105.      0.    105.      7.   0.01   0.15   1.00   0.32      4.      0.      0.      0.      0.      0.     66.     25.     1.    10.   1.00   1.00      7.     22.      1.      0.      9.      0.     0.6     2.2     0.1     1.6     0.0      4.     15.      1.     17.      1.
  21     69.      0.     37.    106.      0.    106.     33.   0.03   0.19   1.00   0.34     12.      0.      0.      1.      0.      0.    110.     45.     2.    21.   1.00   1.00     14.     15.      1.      0.      9.      0.     1.4     1.5     0.1     1.6     0.0      9.     10.      1.     17.      1.
  31     73.      0.     39.    112.      0.    112.     93.   0.09   0.31   1.00   0.35     60.      0.      1.      5.      0.      0.    157.     67.     3.    28.   1.00   1.00     22.      8.      1.      0.      9.      0.     2.1     0.7     0.1     1.6     0.0     14.      5.      1.     17.      1.
  41     79.      0.     42.    120.      0.    121.    134.   0.13   0.43   1.00   0.35     66.      0.      1.      6.      0.      0.    198.     85.     5.    41.   1.00   1.00     29.      0.      1.      0.      9.      0.     2.8     0.0     0.2     1.7     0.0     19.      0.      1.     17.      1.
  51     86.      0.     46.    130.      0.    132.    171.   0.16   0.59   1.00   0.35     86.      0.      2.      8.     13.      0.    241.    103.    12.    66.   1.00   1.00     28.      0.      2.      0.     10.      0.     2.7     0.0     0.3     1.8     0.0     18.      0.      2.     18.      1.
  61     96.      0.     51.    141.      0.    147.    199.   0.19   0.74   1.00   0.35     93.      0.      3.     12.     19.      0.    280.    118.    21.    94.   1.00   1.00     28.      0.      2.      0.     10.      0.     2.6     0.0     0.4     1.9     0.0     17.      0.      3.     20.      1.
  71     96.      0.     51.    141.      0.    147.    206.   0.20   0.76   1.00   0.35    109.      0.      5.     15.     27.      0.    325.    139.    36.   134.   1.00   1.00     28.      0.      2.      0.     10.      0.     2.6     0.0     0.4     1.9     0.0     17.      0.      3.     20.      1.
  81    156.      0.     77.    191.      0.    233.    270.   0.26   0.88   1.00   0.35    127.      0.      8.     22.     34.      0.    366.    157.    48.   168.   1.00   1.00     24.      0.      6.      0.     14.      0.     1.8     0.0     1.2     2.7     0.0      9.      0.     11.     27.      1.
  91    180.      0.     89.    207.      0.    269.    313.   0.30   0.94   1.00   0.35    133.      0.     12.     27.     35.      0.    405.    172.    66.   210.   1.00   1.00     23.      0.      7.      0.     15.      0.     1.5     0.0     1.5     3.0     0.0      6.      0.     14.     30.      1.
 101    360.      0.    196.    293.      0.    556.    389.   0.37   1.32   1.00   0.34    133.      0.     18.     29.     35.      0.    426.    176.    93.   267.   1.00   1.00     15.      0.     15.      0.     23.      0.     0.0     0.0     3.0     4.5     0.0     -8.      0.     28.     44.      1.
 111    762.      0.    496.    437.      0.   1258.    474.   0.45   2.17   1.00   0.33    137.      0.     28.     31.     35.      0.    418.    168.   139.   341.   1.00   1.00     -8.      0.     38.      0.     46.      0.    -4.6     0.0     7.6     9.1     0.0    -54.      0.     74.     91.      1.
 121   1049.      0.    761.    527.      0.   1810.    557.   0.53   2.78   1.00   0.33    152.      0.     46.     37.     35.      0.    410.    160.   203.   422.   1.00   1.00    -24.      0.     54.      0.     62.      0.    -7.8     0.0    10.8    12.3     0.0    -86.      0.    106.    122.      1.
 131   1570.      0.   1619.    686.      0.   3189.    678.   0.65   3.88   1.00   0.31    160.      0.     72.     41.     35.      0.    387.    137.   290.   525.   1.00   1.00     -9.      0.     74.      0.     82.      0.    -9.8     0.0    14.8    16.3     0.0    -96.      0.    146.    163.      1.
 141   2063.     67.   3453.    863.      0.   5582.    833.   0.79   4.91   1.00   0.32    202.      0.     98.     44.     35.      0.    399.    149.   375.   616.   1.00   1.00    -38.      0.    103.      0.    111.      1.   -15.8     0.0    20.8    22.2     0.1   -156.      0.    206.    221.      1.
 151   2107.    220.   5393.    950.      0.   7720.    967.   0.92   4.96   1.00   0.31    220.      0.    122.     47.     35.      0.    391.    141.   453.   698.   1.00   1.00    -53.      0.    118.      0.    126.      1.   -18.8     0.0    23.8    25.1     0.1   -186.      0.    236.    250.      3.
 161   1769.    571.   6677.   1010.   1423.  10440.   1129.   1.08   4.16   1.00   0.28    220.      0.    156.     48.     35.      0.    355.    105.   544.   796.   1.00   1.00    -63.      0.    128.      0.    134.      3.   -20.6     0.0    25.6    26.8     0.3   -204.      0.    254.    265.      6.
 171   1369.    971.   6677.   1019.   2833.  11850.   1257.   1.21   3.22   1.00   0.32    286.      0.    176.     53.     35.      0.    398.    148.   595.   853.   1.00   1.00    -71.      0.    136.      0.    140.      4.   -21.5     0.0    26.5    27.5     0.5   -204.      0.    254.    261.      9.
 181   1027.   1313.   6677.   1019.   4781.  13798.   1400.   1.35   2.42   1.00   0.32    320.      0.    198.     60.     35.      0.    401.    151.   661.   933.   1.00   1.00    -79.      0.    144.      0.    147.      5.   -22.3     0.0    27.3    28.2     0.7   -204.      0.    254.    258.     12.
 191    731.   1609.   6543.    999.   6821.  15838.   1577.   1.53   1.72   1.00   0.30    320.      0.    223.     66.     35.      0.    370.    120.   740.  1044.   1.00   1.00    -79.      0.    144.      0.    145.      7.   -22.3     0.0    27.3    28.0     0.9   -204.      0.    254.    255.     16.
 201    543.   1797.   5346.    816.   7903.  16919.   1729.   1.68   1.28   1.00   0.28    321.      0.    240.     71.     35.      0.    349.     99.   797.  1140.   1.00   1.00    -79.      0.    144.      0.    142.     10.   -22.3     0.0    27.3    27.5     1.4   -204.      0.    254.    246.     24.
 211    385.   1954.   4368.    667.   8302.  17319.   1908.   1.86   0.91   1.00   0.28    351.      0.    250.     85.     35.      0.    356.    106.   826.  1200.   1.00   1.00    -79.      0.    144.      0.    139.     13.   -22.3     0.0    27.3    27.1     1.8   -204.      0.    254.    239.     31.
 220    289.   2051.   3716.    567.   8513.  17529.   2060.   2.01   0.68   1.00   0.28    371.      0.    260.     99.     35.      0.    352.    102.   855.  1276.   1.00   1.00    -79.      0.    144.      0.    137.     15.   -22.3     0.0    27.3    26.8     2.1   -204.      0.    254.    235.     36.


DATA-FILE  WAGI1PTS.OUT


Name of run: WAGW2


Station=  WAGE , Soil=  1, Crop=  1,    Irr.=  0, IOPT=  2, Runof=0.00, CO2=370.

 Planting on day   0, 1972
 Crop emergence on day   1, 1972
 Wageningen, water limit.,wheat var.1, RUE=3.0                                   

 Crop PRODUCTION AND SOIL WATER STATUS
 =======================================
 DAY   WLVG    WLVD    WST      WRT     WSO    TAGB   TSUML     DVS   LAI  TRANRF  SMACT  TRAIN   TIRR  TTRANS   TESOIL    TDRAIN  TRUNOF   WTOT  WAVT   PARAB    PAR    NNI   NPKI    NMINT   NMIN    NUPT    NFIX    NLIV    NLOSS   PMINT   PMIN    PUPT    PLIV    PLOSS   KMINT   KMIN    KUPT    KLIV    KLOSS   
   1     68.      0.     37.    105.      0.    105.      0.   0.00   0.14   1.00   0.30      0.      0.      0.      0.      0.      0.     30.     10.     0.     0.   1.00   1.00      0.     30.      0.      0.      8.      0.     0.0     3.0     0.0     1.5     0.0      0.     20.      0.     16.      1.
  11     68.      0.     37.    105.      0.    105.     17.   0.02   0.17   1.00   0.30      1.      0.      0.      1.      0.      0.     62.     21.     1.     7.   1.00   1.00      7.     22.      0.      0.      9.      0.     0.6     2.2     0.1     1.6     0.0      4.     15.      1.     17.      1.
  21     69.      0.     37.    106.      0.    106.     42.   0.04   0.20   1.00   0.35     19.      0.      0.      2.      0.      0.    114.     49.     2.    16.   1.00   1.00     15.     15.      0.      0.      9.      0.     1.4     1.5     0.1     1.6     0.0      9.     10.      1.     17.      1.
  31     69.      0.     37.    106.      0.    106.     48.   0.05   0.21   1.00   0.34     32.      0.      1.      4.      0.      0.    154.     64.     3.    31.   1.00   1.00     22.      8.      0.      0.      9.      0.     2.1     0.7     0.1     1.6     0.0     14.      5.      1.     17.      1.
  41     74.      0.     40.    114.      0.    114.     89.   0.08   0.30   1.00   0.35     45.      0.      1.      7.      0.      0.    197.     83.     6.    50.   1.00   1.00     30.      0.      0.      0.      9.      0.     2.8     0.0     0.2     1.7     0.0     19.      0.      1.     17.      1.
  51     80.      0.     43.    123.      0.    123.    128.   0.12   0.41   1.00   0.35     57.      0.      2.      9.      0.      0.    238.    101.    10.    70.   1.00   1.00     29.      0.      1.      0.      9.      0.     2.7     0.0     0.3     1.8     0.0     18.      0.      2.     18.      1.
  61     97.      0.     52.    144.      0.    148.    169.   0.16   0.58   1.00   0.34     59.      0.      3.     11.      0.      0.    277.    115.    15.    93.   1.00   1.00     28.      0.      2.      0.     10.      0.     2.5     0.0     0.5     2.0     0.0     16.      0.      4.     20.      1.
  71    144.      0.     74.    194.      0.    219.    223.   0.21   0.83   1.00   0.35     76.      0.      6.     16.      0.      0.    324.    139.    30.   133.   1.00   1.00     24.      0.      6.      0.     14.      0.     1.8     0.0     1.2     2.7     0.0      8.      0.     12.     28.      1.
  81    261.      0.    126.    284.      0.    387.    295.   0.28   1.07   1.00   0.34     76.      0.     11.     21.      0.      0.    352.    143.    55.   195.   1.00   1.00     16.      0.     14.      0.     22.      0.     0.2     0.0     2.8     4.3     0.0     -7.      0.     27.     43.      1.
  91    317.      0.    158.    313.      0.    475.    364.   0.35   1.19   1.00   0.34     99.      0.     18.     28.      0.      0.    402.    169.    82.   249.   1.00   1.00     15.      0.     15.      0.     23.      0.    -0.1     0.0     3.1     4.6     0.0    -10.      0.     30.     46.      1.
 101    528.      0.    311.    391.      0.    840.    460.   0.44   1.64   1.00   0.35    154.      0.     25.     37.     30.      0.    438.    187.   103.   287.   1.00   1.00      6.      0.     24.      0.     32.      0.    -1.9     0.0     4.9     6.4     0.0    -27.      0.     47.     64.      1.
 111    682.      0.    451.    439.      0.   1134.    526.   0.50   1.97   1.00   0.35    189.      0.     33.     43.     51.      0.    438.    187.   142.   347.   1.00   1.00     -2.      0.     32.      0.     41.      0.    -3.7     0.0     6.7     8.2     0.0    -45.      0.     65.     81.      1.
 121    895.      0.    690.    503.      0.   1584.    589.   0.56   2.42   1.00   0.34    195.      0.     46.     48.     51.      0.    425.    175.   196.   420.   1.00   1.00    -13.      0.     43.      0.     52.      0.    -5.9     0.0     8.9    10.4     0.0    -67.      0.     87.    103.      1.
 131   1489.      0.   1861.    686.      0.   3350.    719.   0.69   3.68   1.00   0.34    213.      0.     64.     53.     51.      0.    420.    170.   261.   498.   1.00   1.00    -10.      0.     75.      0.     83.      0.   -10.1     0.0    15.1    16.6     0.0    -99.      0.    149.    165.      1.
 141   1714.      1.   2675.    757.      0.   4390.    809.   0.77   4.15   1.00   0.35    260.      0.     79.     56.     65.      0.    435.    185.   312.   555.   1.00   1.00    -19.      0.     84.      0.     92.      0.   -12.0     0.0    17.0    18.5     0.0   -118.      0.    168.    184.      1.
 151   1929.     66.   4565.    862.      0.   6559.    943.   0.90   4.59   1.00   0.35    290.      0.    108.     60.     65.      0.    431.    181.   391.   640.   1.00   1.00    -39.      0.    104.      0.    112.      0.   -16.1     0.0    21.1    22.5     0.1   -159.      0.    209.    224.      1.
 161   1836.    185.   5746.    908.    603.   8371.   1076.   1.02   4.36   1.00   0.34    314.      0.    132.     63.     65.      0.    429.    179.   458.   712.   1.00   1.00    -46.      0.    111.      0.    118.      1.   -17.3     0.0    22.3    23.7     0.1   -171.      0.    221.    235.      2.
 171   1419.    602.   5746.    940.   3163.  10931.   1203.   1.15   3.37   1.00   0.33    332.      0.    158.     67.     65.      0.    416.    166.   545.   808.   1.00   1.00    -52.      0.    117.      0.    122.      3.   -17.9     0.0    22.9    24.1     0.3   -171.      0.    221.    232.      6.
 181   1058.    963.   5746.    942.   5070.  12838.   1351.   1.30   2.52   1.00   0.34    370.      0.    181.     73.     65.      0.    425.    175.   609.   886.   1.00   1.00    -69.      0.    134.      0.    138.      4.   -20.0     0.0    25.0    26.0     0.5   -171.      0.    221.    228.      9.
 191    782.   1239.   5746.    942.   6182.  13950.   1504.   1.45   1.86   1.00   0.34    404.      0.    196.     81.     74.      0.    430.    180.   650.   941.   1.00   1.00    -69.      0.    134.      0.    137.      5.   -20.0     0.0    25.0    25.9     0.7   -171.      0.    221.    226.     12.
 201    564.   1457.   5090.    834.   7674.  15441.   1672.   1.62   1.34   1.00   0.33    411.      0.    215.     90.     74.      0.    407.    157.   718.  1052.   1.00   1.00    -69.      0.    134.      0.    135.      8.   -20.0     0.0    25.0    25.6     1.0   -171.      0.    221.    220.     17.
 211    391.   1630.   4159.    682.   8197.  15965.   1867.   1.82   0.93   1.00   0.35    480.      0.    227.    100.     91.      0.    438.    187.   752.  1119.   1.00   1.00    -69.      0.    134.      0.    132.     10.   -20.0     0.0    25.0    25.2     1.4   -171.      0.    221.    213.     24.
 221    282.   1740.   3398.    557.   8420.  16187.   2034.   1.98   0.67   1.00   0.34    488.      0.    235.    113.     91.      0.    424.    174.   779.  1190.   1.00   1.00    -69.      0.    134.      0.    130.     13.   -20.0     0.0    25.0    24.8     1.7   -171.      0.    221.    208.     30.
 223    271.   1750.   3330.    546.   8428.  16196.   2055.   2.00   0.65   1.00   0.35    506.      0.    235.    115.     93.      0.    437.    187.   781.  1195.   1.00   1.00    -69.      0.    134.      0.    130.     13.   -20.0     0.0    25.0    24.8     1.7   -171.      0.    221.    207.     30.


DATA-FILE  WAGI1PTS.OUT


Name of run: WAGW2


Station=  WAGE , Soil=  1, Crop=  1,    Irr.=  0, IOPT=  2, Runof=0.00, CO2=370.

 Planting on day   0, 1973
 Crop emergence on day   1, 1973
 Wageningen, water limit.,wheat var.1, RUE=3.0                                   

 Crop PRODUCTION AND SOIL WATER STATUS
 =======================================
 DAY   WLVG    WLVD    WST      WRT     WSO    TAGB   TSUML     DVS   LAI  TRANRF  SMACT  TRAIN   TIRR  TTRANS   TESOIL    TDRAIN  TRUNOF   WTOT  WAVT   PARAB    PAR    NNI   NPKI    NMINT   NMIN    NUPT    NFIX    NLIV    NLOSS   PMINT   PMIN    PUPT    PLIV    PLOSS   KMINT   KMIN    KUPT    KLIV    KLOSS   
   1     68.      0.     37.    105.      0.    105.      0.   0.00   0.14   1.00   0.30      0.      0.      0.      0.      0.      0.     30.     10.     0.     0.   1.00   1.00      0.     30.      0.      0.      8.      0.     0.0     3.0     0.0     1.5     0.0      0.     20.      0.     16.      0.
  11     69.      0.     37.    105.      0.    105.     20.   0.02   0.17   1.00   0.31      1.      0.      0.      0.      0.      0.     64.     22.     1.     8.   1.00   1.00      7.     22.      0.      0.      9.      0.     0.6     2.2     0.1     1.6     0.0      4.     15.      1.     17.      0.
  21     69.      0.     37.    107.      0.    107.     41.   0.04   0.20   1.00   0.31      6.      0.      0.      1.      0.      0.    103.     37.     2.    18.   1.00   1.00     15.     15.      0.      0.      9.      0.     1.4     1.5     0.1     1.6     0.0      9.     10.      1.     17.      0.
  31     73.      0.     39.    112.      0.    112.     82.   0.08   0.28   1.00   0.35     26.      0.      0.      3.      0.      0.    156.     67.     3.    31.   1.00   1.00     22.      8.      0.      0.      9.      0.     2.1     0.7     0.1     1.6     0.0     14.      5.      1.     17.      0.
  41     77.      0.     41.    118.      0.    118.    119.   0.11   0.38   1.00   0.35     39.      0.      1.      5.      0.      0.    198.     85.     6.    43.   1.00   1.00     30.      0.      0.      0.      9.      0.     2.8     0.0     0.2     1.7     0.0     19.      0.      1.     17.      0.
  51     77.      0.     42.    119.      0.    119.    141.   0.13   0.46   1.00   0.35     85.      0.      2.      8.     13.      0.    241.    103.    10.    63.   1.00   1.00     30.      0.      0.      0.      9.      0.     2.8     0.0     0.2     1.7     0.0     19.      0.      1.     17.      0.
  61     81.      0.     43.    123.      0.    124.    169.   0.16   0.57   1.00   0.35     99.      0.      3.     11.     22.      0.    283.    121.    19.    95.   1.00   1.00     29.      0.      1.      0.      9.      0.     2.8     0.0     0.2     1.7     0.0     19.      0.      1.     17.      0.
  71    108.      0.     56.    152.      0.    164.    219.   0.21   0.77   1.00   0.35    110.      0.      4.     15.     30.      0.    323.    137.    32.   133.   1.00   1.00     27.      0.      3.      0.     11.      0.     2.4     0.0     0.6     2.1     0.0     15.      0.      5.     21.      0.
  81    131.      0.     66.    171.      0.    197.    260.   0.25   0.82   1.00   0.35    112.      0.      7.     19.     30.      0.    362.    152.    50.   181.   1.00   1.00     27.      0.      3.      0.     12.      0.     2.2     0.0     0.8     2.3     0.0     13.      0.      7.     23.      0.
  91    160.      0.     80.    189.      0.    240.    324.   0.31   0.88   1.00   0.35    119.      0.     10.     22.     30.      0.    403.    170.    73.   239.   1.00   1.00     25.      0.      5.      0.     13.      0.     1.8     0.0     1.2     2.7     0.0     10.      0.     10.     27.      0.
 101    206.      0.    107.    213.      0.    312.    370.   0.35   0.98   1.00   0.35    169.      0.     16.     33.     60.      0.    435.    185.    96.   292.   1.00   1.00     22.      0.      8.      0.     16.      0.     1.3     0.0     1.7     3.2     0.0      5.      0.     15.     31.      0.
 111    318.      0.    182.    258.      0.    500.    425.   0.40   1.22   1.00   0.35    186.      0.     21.     41.     62.      0.    436.    186.   125.   354.   1.00   1.00     17.      0.     13.      0.     21.      0.     0.2     0.0     2.8     4.3     0.0     -6.      0.     26.     43.      0.
 121    595.      0.    406.    351.      0.   1002.    500.   0.48   1.81   1.00   0.35    199.      0.     31.     47.     63.      0.    433.    183.   169.   429.   1.00   1.00      1.      0.     29.      0.     37.      0.    -2.9     0.0     5.9     7.4     0.0    -37.      0.     57.     74.      0.
 131   1013.      0.    883.    477.      0.   1896.    606.   0.58   2.69   1.00   0.35    225.      0.     43.     55.     67.      0.    435.    185.   211.   488.   1.00   1.00     17.      0.     48.      0.     57.      0.    -4.9     0.0     9.9    11.4     0.0    -47.      0.     97.    113.      0.
 141   1490.      0.   1844.    624.      0.   3334.    711.   0.68   3.70   1.00   0.33    234.      0.     67.     59.     67.      0.    416.    166.   296.   589.   1.00   1.00     -7.      0.     72.      0.     80.      0.    -9.5     0.0    14.5    16.0     0.0    -93.      0.    143.    160.      0.
 151   1942.     36.   3706.    781.      0.   5684.    861.   0.82   4.65   1.00   0.32    255.      0.     95.     64.     67.      0.    405.    155.   379.   679.   1.00   1.00    -37.      0.    102.      0.    110.      0.   -15.6     0.0    20.6    22.1     0.0   -154.      0.    204.    220.      1.
 161   1977.    137.   5693.    855.      0.   7807.    991.   0.94   4.70   1.00   0.32    272.      0.    119.     66.     67.      0.    395.    145.   460.   765.   1.00   1.00    -50.      0.    115.      0.    123.      1.   -18.2     0.0    23.2    24.6     0.1   -180.      0.    230.    245.      2.
 171   1629.    485.   6265.    911.   2368.  10747.   1139.   1.09   3.87   1.00   0.29    272.      0.    151.     67.     67.      0.    363.    113.   562.   875.   1.00   1.00    -55.      0.    120.      0.    126.      2.   -18.9     0.0    23.9    25.1     0.3   -185.      0.    235.    247.      5.
 181   1129.    986.   6265.    922.   5259.  13638.   1334.   1.28   2.68   1.00   0.27    285.      0.    187.     71.     67.      0.    334.     84.   658.   987.   1.00   1.00    -72.      0.    137.      0.    142.      4.   -21.0     0.0    26.0    27.0     0.5   -185.      0.    235.    243.      9.
 191    788.   1327.   6265.    922.   7584.  15963.   1525.   1.47   1.87   0.79   0.24    285.      0.    214.     79.     67.      0.    301.     51.   746.  1104.   1.00   1.00    -75.      0.    140.      0.    143.      5.   -21.3     0.0    26.3    27.1     0.7   -185.      0.    235.    240.     12.
 201    564.   1550.   5330.    784.   8483.  16862.   1696.   1.65   1.34   1.00   0.24    310.      0.    229.     92.     67.      0.    297.     47.   792.  1178.   1.00   1.00    -75.      0.    140.      0.    140.      9.   -21.3     0.0    26.3    26.7     1.1   -185.      0.    235.    232.     20.
 211    414.   1700.   4355.    641.   8948.  17327.   1851.   1.80   0.98   1.00   0.24    335.      0.    240.    106.     67.      0.    298.     48.   823.  1240.   1.00   1.00    -75.      0.    140.      0.    137.     11.   -21.3     0.0    26.3    26.3     1.5   -185.      0.    235.    225.     27.
 221    295.   1820.   3558.    524.   9170.  17549.   2027.   1.98   0.70   1.00   0.24    361.      0.    249.    123.     67.      0.    298.     48.   851.  1310.   1.00   1.00    -75.      0.    140.      0.    134.     14.   -21.3     0.0    26.3    26.0     1.9   -185.      0.    235.    220.     32.
 224    276.   1838.   3417.    503.   9199.  17578.   2060.   2.01   0.66   0.85   0.24    361.      0.    251.    125.     67.      0.    294.     44.   858.  1331.   1.00   1.00    -75.      0.    140.      0.    134.     14.   -21.3     0.0    26.3    25.9     1.9   -185.      0.    235.    219.     33.


DATA-FILE  WAGI1PTS.OUT


Name of run: WAGW2


Station=  WAGE , Soil=  1, Crop=  1,    Irr.=  0, IOPT=  2, Runof=0.00, CO2=370.

 Planting on day   0, 1974
 Crop emergence on day   1, 1974
 Wageningen, water limit.,wheat var.1, RUE=3.0                                   

 Crop PRODUCTION AND SOIL WATER STATUS
 =======================================
 DAY   WLVG    WLVD    WST      WRT     WSO    TAGB   TSUML     DVS   LAI  TRANRF  SMACT  TRAIN   TIRR  TTRANS   TESOIL    TDRAIN  TRUNOF   WTOT  WAVT   PARAB    PAR    NNI   NPKI    NMINT   NMIN    NUPT    NFIX    NLIV    NLOSS   PMINT   PMIN    PUPT    PLIV    PLOSS   KMINT   KMIN    KUPT    KLIV    KLOSS   
   1     68.      0.     37.    105.      0.    105.      0.   0.00   0.14   1.00   0.30      0.      0.      0.      0.      0.      0.     30.     10.     0.     0.   1.00   1.00      0.     30.      0.      0.      8.      0.     0.0     3.0     0.0     1.5     0.0      0.     20.      0.     16.      0.
  11     70.      0.     38.    107.      0.    107.     32.   0.03   0.19   1.00   0.35     23.      0.      0.      2.      0.      0.     72.     31.     1.    10.   1.00   1.00      7.     22.      0.      0.      8.      0.     0.6     2.2     0.1     1.6     0.0      4.     15.      1.     17.      0.
  21     76.      0.     41.    116.      0.    116.    111.   0.11   0.36   1.00   0.34     43.      0.      1.      9.      0.      0.    112.     46.     2.    18.   1.00   1.00     15.     15.      0.      0.      9.      0.     1.3     1.5     0.2     1.7     0.0      9.     10.      1.     17.      0.
  31     83.      0.     45.    127.      0.    128.    160.   0.15   0.53   1.00   0.35     59.      0.      2.     12.      0.      0.    157.     67.     5.    30.   1.00   1.00     22.      8.      1.      0.      9.      0.     2.0     0.7     0.2     1.7     0.0     14.      5.      1.     18.      0.
  41     95.      0.     50.    140.      0.    146.    206.   0.20   0.78   1.00   0.35     82.      0.      3.     15.      1.      0.    199.     85.    10.    46.   1.00   1.00     29.      0.      1.      0.     10.      0.     2.6     0.0     0.4     1.9     0.0     17.      0.      3.     19.      0.
  51    146.      0.     73.    183.      0.    219.    276.   0.26   0.89   1.00   0.34     84.      0.      6.     19.      1.      0.    236.     98.    19.    70.   1.00   1.00     25.      0.      5.      0.     13.      0.     1.9     0.0     1.1     2.6     0.0     10.      0.     10.     26.      0.
  61    148.      0.     74.    184.      0.    222.    300.   0.29   0.89   1.00   0.35     93.      0.      8.     21.      2.      0.    283.    121.    34.   106.   1.00   1.00     25.      0.      5.      0.     13.      0.     1.9     0.0     1.1     2.6     0.0     10.      0.     10.     26.      0.
  71    156.      0.     78.    189.      0.    234.    323.   0.31   0.91   1.00   0.35    108.      0.     10.     24.     14.      0.    322.    137.    46.   135.   1.00   1.00     25.      0.      5.      0.     13.      0.     1.9     0.0     1.1     2.6     0.0     10.      0.     10.     26.      0.
  81    211.      0.    110.    216.      0.    321.    381.   0.36   1.03   1.00   0.35    142.      0.     14.     30.     37.      0.    366.    156.    61.   169.   1.00   1.00     22.      0.      8.      0.     16.      0.     1.3     0.0     1.7     3.2     0.0      5.      0.     15.     32.      0.
  91    401.      0.    246.    287.      0.    647.    467.   0.44   1.43   1.00   0.34    144.      0.     19.     34.     37.      0.    399.    166.    90.   225.   1.00   1.00     12.      0.     18.      0.     26.      0.    -0.8     0.0     3.8     5.3     0.0    -16.      0.     36.     52.      0.
 101    969.      0.    819.    462.      0.   1788.    583.   0.56   2.63   1.00   0.33    144.      0.     33.     37.     37.      0.    411.    161.   151.   312.   1.00   1.00    -17.      0.     47.      0.     55.      0.    -6.6     0.0     9.6    11.1     0.0    -75.      0.     95.    111.      0.
 111   1100.      0.   1004.    501.      0.   2103.    652.   0.62   2.91   1.00   0.32    144.      0.     48.     38.     37.      0.    395.    145.   225.   403.   1.00   1.00    -25.      0.     55.      0.     63.      0.    -8.1     0.0    11.1    12.6     0.0    -89.      0.    109.    125.      0.
 121   1197.      0.   1235.    531.      0.   2432.    718.   0.68   3.12   1.00   0.31    153.      0.     61.     41.     37.      0.    389.    139.   280.   469.   1.00   1.00    -26.      0.     56.      0.     65.      0.    -8.5     0.0    11.5    13.0     0.0    -93.      0.    113.    129.      0.
 131   1407.      0.   1934.    597.      0.   3341.    805.   0.77   3.56   1.00   0.30    157.      0.     76.     43.     37.      0.    376.    126.   331.   527.   1.00   1.00     -1.      0.     66.      0.     74.      0.    -8.4     0.0    13.4    14.9     0.0    -82.      0.    132.    149.      0.
 141   1714.      5.   4177.    717.      0.   5896.    946.   0.90   4.21   1.00   0.30    187.      0.    105.     46.     37.      0.    374.    124.   421.   628.   1.00   1.00    -24.      0.     89.      0.     97.      0.   -13.0     0.0    18.0    19.5     0.0   -128.      0.    178.    194.      1.
 151   1683.     62.   5653.    768.    478.   7875.   1059.   1.01   4.13   1.00   0.29    204.      0.    131.     50.     37.      0.    361.    111.   511.   725.   1.00   1.00    -34.      0.     99.      0.    107.      0.   -14.9     0.0    19.9    21.4     0.1   -147.      0.    197.    213.      1.
 161   1323.    422.   5653.    795.   2459.   9856.   1179.   1.13   3.24   1.00   0.30    244.      0.    155.     54.     37.      0.    372.    122.   590.   814.   1.00   1.00    -40.      0.    105.      0.    111.      2.   -15.6     0.0    20.6    21.9     0.2   -147.      0.    197.    210.      4.
 171    983.    762.   5653.    801.   4993.  12391.   1331.   1.28   2.41   1.00   0.28    255.      0.    181.     60.     37.      0.    352.    102.   678.   921.   1.00   1.00    -57.      0.    122.      0.    127.      3.   -17.8     0.0    22.8    23.9     0.4   -147.      0.    197.    206.      7.
 181    716.   1028.   5653.    801.   6873.  14271.   1491.   1.44   1.76   1.00   0.27    274.      0.    199.     68.     37.      0.    343.     93.   744.  1012.   1.00   1.00    -62.      0.    127.      0.    131.      4.   -18.4     0.0    23.4    24.4     0.5   -147.      0.    197.    204.     10.
 191    531.   1214.   5109.    724.   7884.  15281.   1639.   1.59   1.30   1.00   0.29    312.      0.    213.     79.     37.      0.    357.    107.   789.  1088.   1.00   1.00    -62.      0.    127.      0.    129.      6.   -18.4     0.0    23.4    24.1     0.8   -147.      0.    197.    199.     15.
 201    397.   1348.   4175.    592.   8504.  15901.   1784.   1.73   0.97   1.00   0.28    328.      0.    224.     92.     37.      0.    349.     99.   825.  1161.   1.00   1.00    -62.      0.    127.      0.    126.      9.   -18.4     0.0    23.4    23.7     1.2   -147.      0.    197.    193.     21.
 211    293.   1451.   3411.    483.   8850.  16247.   1936.   1.89   0.72   1.00   0.27    339.      0.    233.    104.     37.      0.    340.     90.   855.  1236.   1.00   1.00    -62.      0.    127.      0.    124.     11.   -18.4     0.0    23.4    23.4     1.5   -147.      0.    197.    187.     26.
 220    231.   1514.   2902.    411.   8957.  16354.   2058.   2.01   0.57   1.00   0.27    348.      0.    238.    111.     37.      0.    336.     86.   872.  1290.   1.00   1.00    -62.      0.    127.      0.    123.     13.   -18.4     0.0    23.4    23.2     1.7   -147.      0.    197.    184.     30.


DATA-FILE  WAGI1PTS.OUT


Name of run: WAGN3


Station=  WAGE , Soil=  1, Crop=  1,    Irr.=  0, IOPT=  3, Runof=0.00, CO2=370.

 Planting on day   0, 1969
 Crop emergence on day   1, 1969
 Wageningen, water and N limit., wheat var.1, RUE=3.0                            

 Crop PRODUCTION AND SOIL WATER STATUS
 =======================================
 DAY   WLVG    WLVD    WST      WRT     WSO    TAGB   TSUML     DVS   LAI  TRANRF  SMACT  TRAIN   TIRR  TTRANS   TESOIL    TDRAIN  TRUNOF   WTOT  WAVT   PARAB    PAR    NNI   NPKI    NMINT   NMIN    NUPT    NFIX    NLIV    NLOSS   PMINT   PMIN    PUPT    PLIV    PLOSS   KMINT   KMIN    KUPT    KLIV    KLOSS   
   1     68.      0.     37.    105.      0.    105.      0.   0.00   0.14   1.00   0.30      0.      0.      0.      0.      0.      0.     30.     10.     0.     0.   0.96   0.94      0.     30.      0.      0.      8.      0.     0.0     3.0     0.0     1.5     0.0      0.     20.      0.     16.      0.
  11     68.      0.     37.    105.      0.    105.     13.   0.01   0.16   1.00   0.31      4.      0.      0.      1.      0.      0.     65.     24.     1.     7.   1.00   1.00      7.     22.      0.      0.      8.      0.     0.7     2.2     0.1     1.6     0.0      4.     15.      1.     17.      0.
  21     70.      0.     38.    108.      0.    108.     59.   0.06   0.23   1.00   0.35     19.      0.      0.      2.      0.      0.    114.     49.     1.    14.   1.00   1.00     15.     15.      0.      0.      8.      0.     1.4     1.5     0.1     1.6     0.0      9.     10.      1.     17.      0.
  31     76.      0.     41.    117.      0.    117.    125.   0.12   0.40   1.00   0.35     34.      0.      1.      4.      0.      0.    155.     65.     3.    23.   1.00   1.00     22.      8.      0.      0.      8.      0.     2.2     0.7     0.1     1.6     0.0     14.      5.      1.     17.      0.
  41     79.      1.     43.    122.      0.    123.    148.   0.14   0.48   1.00   0.35     53.      0.      1.      7.      0.      0.    198.     85.     8.    43.   1.00   1.00     30.      0.      0.      0.      9.      0.     2.9     0.0     0.1     1.6     0.0     19.      0.      1.     17.      0.
  51     79.      1.     43.    122.      0.    123.    148.   0.14   0.48   1.00   0.35     75.      0.      2.      8.      2.      0.    241.    103.    14.    68.   1.00   1.00     30.      0.      0.      0.      9.      0.     2.9     0.0     0.1     1.6     0.0     19.      0.      1.     17.      0.
  61     87.      1.     47.    133.      0.    136.    168.   0.16   0.57   1.00   0.35     80.      0.      3.     11.      6.      0.    281.    119.    19.    89.   1.00   1.00     29.      0.      1.      0.      9.      0.     2.7     0.0     0.3     1.8     0.0     18.      0.      2.     19.      0.
  71     89.      1.     48.    135.      0.    138.    192.   0.18   0.68   1.00   0.35     85.      0.      5.     13.      6.      0.    324.    139.    34.   134.   1.00   1.00     29.      0.      1.      0.      9.      0.     2.7     0.0     0.3     1.8     0.0     17.      0.      3.     19.      0.
  81     98.      1.     53.    144.      0.    151.    221.   0.21   0.78   1.00   0.35    119.      0.      7.     17.     35.      0.    365.    155.    43.   160.   1.00   1.00     28.      0.      2.      0.     10.      0.     2.6     0.0     0.4     1.9     0.0     17.      0.      3.     20.      0.
  91    103.      1.     55.    148.      0.    159.    245.   0.23   0.79   1.00   0.35    137.      0.     10.     21.     44.      0.    409.    175.    60.   205.   0.98   0.98     28.      0.      2.      0.     10.      0.     2.6     0.0     0.4     1.9     0.0     17.      0.      3.     20.      0.
 101    325.     12.    231.    327.      0.    568.    339.   0.32   1.22   1.00   0.34    139.      0.     19.     30.     44.      0.    421.    171.    93.   285.   0.89   0.89     14.      0.     16.      0.     24.      0.    -0.3     0.0     3.3     4.8     0.0    -12.      0.     32.     49.      0.
 111    395.     17.    280.    363.      0.    692.    394.   0.38   1.37   1.00   0.35    184.      0.     27.     40.     59.      0.    434.    184.   127.   347.   1.00   1.00      8.      0.     22.      0.     30.      0.    -1.5     0.0     4.5     6.0     0.0    -24.      0.     44.     60.      1.
 121    704.     49.    591.    493.      0.   1344.    486.   0.46   2.00   1.00   0.34    212.      0.     37.     48.     73.      0.    429.    179.   175.   421.   0.75   0.75      0.      0.     30.      0.     38.      0.    -5.1     0.0     8.1     9.6     0.0    -60.      0.     80.     96.      1.
 131   1033.    133.   1245.    644.      0.   2410.    613.   0.58   2.65   1.00   0.34    227.      0.     52.     54.     73.      0.    423.    173.   223.   486.   0.97   0.97      7.      0.     58.      0.     65.      1.    -6.7     0.0    11.7    13.1     0.1    -66.      0.    116.    131.      2.
 141   1345.    208.   2196.    774.      0.   3749.    749.   0.71   3.29   1.00   0.34    259.      0.     73.     61.     73.      0.    427.    177.   279.   553.   0.82   0.82      0.      0.     65.      0.     72.      1.   -10.6     0.0    15.6    17.0     0.1   -105.      0.    155.    170.      2.
 151   1427.    395.   3857.    889.      0.   5679.    884.   0.84   3.45   1.00   0.33    276.      0.     99.     67.     73.      0.    412.    162.   358.   644.   0.66   0.66      0.      0.     65.      0.     72.      2.   -13.6     0.0    18.6    19.9     0.2   -136.      0.    186.    198.      4.
 161   1252.    623.   5489.    943.      0.   7365.   1004.   0.96   3.14   1.00   0.33    316.      0.    125.     72.     79.      0.    415.    165.   430.   728.   0.62   0.62      0.      0.     65.      0.     71.      3.   -15.5     0.0    20.5    21.7     0.3   -154.      0.    204.    215.      6.
 171    811.   1064.   5971.    984.   1842.   9689.   1182.   1.13   2.16   1.00   0.31    331.      0.    160.     80.     79.      0.    387.    137.   523.   842.   0.57   0.57      0.      0.     65.      0.     69.      4.   -16.3     0.0    21.3    22.3     0.6   -161.      0.    211.    218.     10.
 181    452.   1423.   5971.    987.   2802.  10648.   1331.   1.28   1.36   1.00   0.30    346.      0.    176.     91.     79.      0.    376.    126.   569.   912.   0.30   0.30      0.      0.     65.      0.     67.      6.   -17.4     0.0    22.4    23.2     0.7   -161.      0.    211.    215.     13.
 191    217.   1659.   5971.    987.   3206.  11052.   1492.   1.44   0.83   1.00   0.30    366.      0.    189.    104.     79.      0.    369.    119.   612.  1001.   0.12   0.12      0.      0.     65.      0.     67.      7.   -17.6     0.0    22.6    23.3     0.9   -161.      0.    211.    213.     15.
 201     96.   1779.   5290.    874.   3250.  11096.   1658.   1.61   0.52   1.00   0.29    376.      0.    198.    118.     79.      0.    356.    106.   640.  1084.   0.05   0.05      0.      0.     65.      0.     64.      9.   -17.6     0.0    22.6    23.0     1.2   -161.      0.    211.    208.     20.
 211     39.   1836.   4322.    715.   3250.  11097.   1873.   1.82   0.32   1.00   0.27    389.      0.    206.    136.     79.      0.    344.     94.   660.  1177.   0.03   0.03      0.      0.     65.      0.     62.     11.   -17.6     0.0    22.6    22.6     1.5   -161.      0.    211.    202.     27.
 221     17.   1858.   3603.    596.   3250.  11097.   2057.   2.01   0.21   1.00   0.27    406.      0.    210.    156.     79.      0.    336.     86.   673.  1264.   0.01   0.01      0.      0.     65.      0.     60.     13.   -17.6     0.0    22.6    22.3     1.8   -161.      0.    211.    197.     31.


DATA-FILE  WAGI1PTS.OUT


Name of run: WAGN3


Station=  WAGE , Soil=  1, Crop=  1,    Irr.=  0, IOPT=  3, Runof=0.00, CO2=370.

 Planting on day   0, 1970
 Crop emergence on day   1, 1970
 Wageningen, water and N limit., wheat var.1, RUE=3.0                            

 Crop PRODUCTION AND SOIL WATER STATUS
 =======================================
 DAY   WLVG    WLVD    WST      WRT     WSO    TAGB   TSUML     DVS   LAI  TRANRF  SMACT  TRAIN   TIRR  TTRANS   TESOIL    TDRAIN  TRUNOF   WTOT  WAVT   PARAB    PAR    NNI   NPKI    NMINT   NMIN    NUPT    NFIX    NLIV    NLOSS   PMINT   PMIN    PUPT    PLIV    PLOSS   KMINT   KMIN    KUPT    KLIV    KLOSS   
   1     68.      0.     37.    105.      0.    105.      0.   0.00   0.14   1.00   0.30      0.      0.      0.      0.      0.      0.     30.     10.     0.     0.   0.96   0.96      0.     30.      0.      0.      8.      0.     0.0     3.0     0.0     1.5     0.0      0.     20.      0.     16.      0.
  11     68.      0.     37.    105.      0.    105.      1.   0.00   0.15   1.00   0.35     13.      0.      0.      2.      0.      0.     72.     31.     1.     9.   1.00   1.00      7.     22.      0.      0.      8.      0.     0.7     2.2     0.0     1.5     0.0      5.     15.      0.     17.      0.
  21     69.      0.     37.    106.      0.    106.     27.   0.03   0.18   1.00   0.34     18.      0.      0.      2.      0.      0.    112.     46.     2.    17.   1.00   1.00     15.     15.      0.      0.      8.      0.     1.5     1.5     0.0     1.5     0.0     10.     10.      0.     17.      0.
  31     69.      0.     38.    107.      0.    107.     52.   0.05   0.22   1.00   0.35     42.      0.      0.      3.      0.      0.    155.     65.     3.    27.   1.00   1.00     22.      8.      0.      0.      8.      0.     2.2     0.7     0.0     1.5     0.0     15.      5.      0.     17.      0.
  41     71.      0.     38.    109.      0.    109.     69.   0.07   0.25   1.00   0.35     75.      0.      1.      6.      6.      0.    199.     85.     5.    47.   1.00   1.00     30.      0.      0.      0.      8.      0.     3.0     0.0     0.0     1.5     0.0     20.      0.      0.     17.      0.
  51     71.      0.     38.    109.      0.    109.     72.   0.07   0.26   1.00   0.35    102.      0.      1.      7.     31.      0.    241.    103.     9.    71.   1.00   1.00     30.      0.      0.      0.      8.      0.     3.0     0.0     0.0     1.5     0.0     20.      0.      0.     17.      0.
  61     74.      0.     40.    115.      0.    115.    101.   0.10   0.33   1.00   0.35    148.      0.      2.     12.     72.      0.    283.    121.    12.    92.   1.00   1.00     30.      0.      0.      0.      8.      0.     2.9     0.0     0.1     1.6     0.0     19.      0.      1.     17.      0.
  71     74.      0.     40.    115.      0.    115.    106.   0.10   0.34   1.00   0.35    155.      0.      2.     15.     75.      0.    324.    139.    20.   135.   1.00   1.00     30.      0.      0.      0.      8.      0.     2.9     0.0     0.1     1.6     0.0     19.      0.      1.     17.      0.
  81     85.      1.     46.    131.      0.    132.    145.   0.14   0.47   1.00   0.35    165.      0.      3.     20.     79.      0.    367.    157.    26.   166.   0.98   0.98     29.      0.      1.      0.      9.      0.     2.8     0.0     0.2     1.7     0.0     18.      0.      2.     18.      0.
  91    102.      1.     55.    152.      0.    158.    185.   0.18   0.64   1.00   0.35    202.      0.      6.     28.    105.      0.    409.    175.    39.   212.   0.94   0.94     28.      0.      2.      0.     10.      0.     2.6     0.0     0.4     1.9     0.0     16.      0.      4.     20.      0.
 101    103.      2.     56.    154.      0.    160.    208.   0.20   0.76   1.00   0.35    240.      0.      8.     36.    133.      0.    438.    187.    56.   262.   1.00   1.00     28.      0.      2.      0.     11.      0.     2.5     0.0     0.5     2.0     0.0     15.      0.      5.     21.      0.
 111    219.      7.    125.    262.      0.    351.    290.   0.28   0.99   1.00   0.35    254.      0.     14.     45.    137.      0.    432.    182.    77.   313.   1.00   1.00     19.      0.     11.      0.     19.      0.     0.8     0.0     2.2     3.7     0.0     -2.      0.     22.     38.      1.
 121    375.     14.    225.    354.      0.    614.    369.   0.35   1.32   1.00   0.35    286.      0.     21.     56.    148.      0.    435.    185.   104.   367.   0.94   0.94     11.      0.     19.      0.     27.      0.    -0.8     0.0     3.8     5.3     0.0    -18.      0.     38.     54.      1.
 131    970.     45.    838.    605.      0.   1854.    501.   0.48   2.51   1.00   0.34    291.      0.     35.     62.    148.      0.    420.    170.   158.   451.   0.94   0.93     13.      0.     52.      0.     60.      0.    -5.5     0.0    10.5    12.0     0.0    -54.      0.    104.    120.      1.
 141   1531.    154.   1882.    837.      0.   3566.    636.   0.61   3.62   1.00   0.32    297.      0.     55.     65.    148.      0.    404.    154.   226.   531.   0.70   0.70      0.      0.     65.      0.     73.      1.   -12.4     0.0    17.4    18.8     0.1   -123.      0.    173.    188.      2.
 151   1568.    429.   3080.    975.      0.   5077.    757.   0.72   3.69   1.00   0.31    306.      0.     78.     69.    148.      0.    386.    136.   296.   610.   0.60   0.60      0.      0.     65.      0.     71.      2.   -15.4     0.0    20.4    21.7     0.2   -153.      0.    203.    216.      4.
 161   1453.    766.   4971.   1093.      0.   7190.    923.   0.88   3.50   1.00   0.28    307.      0.    116.     71.    148.      0.    347.     97.   399.   726.   0.53   0.53      0.      0.     65.      0.     70.      3.   -18.4     0.0    23.4    24.5     0.4   -183.      0.    233.    242.      7.
 171   1081.   1164.   6500.   1152.    696.   9441.   1092.   1.04   2.80   0.93   0.25    315.      0.    148.     76.    148.      0.    317.     67.   500.   843.   0.56   0.56      0.      0.     65.      0.     69.      5.   -19.9     0.0    24.9    25.8     0.6   -198.      0.    248.    254.     11.
 181    591.   1654.   6500.   1165.   2130.  10875.   1272.   1.22   1.69   1.00   0.24    329.      0.    170.     83.    148.      0.    303.     53.   564.   930.   0.40   0.40      0.      0.     65.      0.     67.      7.   -20.0     0.0    25.0    25.6     0.9   -198.      0.    248.    250.     15.
 191    297.   1949.   6500.   1165.   2621.  11366.   1440.   1.39   1.03   1.00   0.26    375.      0.    184.     96.    148.      0.    321.     71.   602.   999.   0.20   0.20      0.      0.     65.      0.     65.      8.   -20.4     0.0    25.4    25.9     1.0   -198.      0.    248.    247.     18.
 201    139.   2106.   6242.   1119.   2762.  11507.   1590.   1.54   0.65   1.00   0.29    433.      0.    193.    110.    148.      0.    356.    106.   631.  1070.   0.08   0.08      0.      0.     65.      0.     64.      9.   -20.4     0.0    25.4    25.7     1.2   -198.      0.    248.    244.     21.
 211     62.   2184.   5100.    914.   2772.  11517.   1748.   1.70   0.42   1.00   0.29    460.      0.    199.    129.    148.      0.    358.    108.   648.  1133.   0.04   0.04      0.      0.     65.      0.     61.     12.   -20.4     0.0    25.4    25.3     1.6   -198.      0.    248.    237.     28.
 221     26.   2220.   4167.    747.   2772.  11517.   1941.   1.89   0.27   1.00   0.28    472.      0.    204.    141.    148.      0.    353.    103.   665.  1220.   0.02   0.02      0.      0.     65.      0.     59.     15.   -20.4     0.0    25.4    25.0     2.0   -198.      0.    248.    231.     34.
 229     14.   2231.   3618.    649.   2772.  11517.   2054.   2.00   0.21   1.00   0.28    484.      0.    206.    154.    148.      0.    350.    100.   672.  1276.   0.01   0.01      0.      0.     65.      0.     57.     16.   -20.4     0.0    25.4    24.8     2.2   -198.      0.    248.    227.     38.


DATA-FILE  WAGI1PTS.OUT


Name of run: WAGN3


Station=  WAGE , Soil=  1, Crop=  1,    Irr.=  0, IOPT=  3, Runof=0.00, CO2=370.

 Planting on day   0, 1971
 Crop emergence on day   1, 1971
 Wageningen, water and N limit., wheat var.1, RUE=3.0                            

 Crop PRODUCTION AND SOIL WATER STATUS
 =======================================
 DAY   WLVG    WLVD    WST      WRT     WSO    TAGB   TSUML     DVS   LAI  TRANRF  SMACT  TRAIN   TIRR  TTRANS   TESOIL    TDRAIN  TRUNOF   WTOT  WAVT   PARAB    PAR    NNI   NPKI    NMINT   NMIN    NUPT    NFIX    NLIV    NLOSS   PMINT   PMIN    PUPT    PLIV    PLOSS   KMINT   KMIN    KUPT    KLIV    KLOSS   
   1     68.      0.     37.    105.      0.    105.      0.   0.00   0.14   1.00   0.30      0.      0.      0.      0.      0.      0.     30.     10.     0.     0.   0.97   0.96      0.     30.      0.      0.      8.      0.     0.0     3.0     0.0     1.5     0.0      0.     20.      0.     16.      0.
  11     68.      0.     37.    105.      0.    105.      7.   0.01   0.15   1.00   0.32      4.      0.      0.      0.      0.      0.     66.     25.     1.    10.   1.00   1.00      7.     22.      0.      0.      8.      0.     0.7     2.2     0.0     1.5     0.0      5.     15.      0.     17.      0.
  21     68.      0.     37.    106.      0.    106.     33.   0.03   0.19   1.00   0.34     12.      0.      0.      1.      0.      0.    110.     45.     2.    21.   1.00   1.00     15.     15.      0.      0.      8.      0.     1.5     1.5     0.0     1.5     0.0     10.     10.      0.     17.      0.
  31     73.      0.     39.    112.      0.    112.     93.   0.09   0.31   1.00   0.35     60.      0.      1.      5.      0.      0.    157.     67.     3.    28.   1.00   1.00     22.      8.      0.      0.      8.      0.     2.2     0.7     0.0     1.5     0.0     15.      5.      0.     17.      0.
  41     78.      0.     42.    120.      0.    121.    134.   0.13   0.43   1.00   0.35     66.      0.      1.      6.      0.      0.    198.     85.     5.    41.   1.00   1.00     30.      0.      0.      0.      9.      0.     2.9     0.0     0.1     1.6     0.0     19.      0.      1.     17.      0.
  51     85.      1.     46.    129.      0.    131.    171.   0.16   0.58   1.00   0.35     86.      0.      2.      8.     13.      0.    241.    103.    12.    66.   1.00   1.00     29.      0.      1.      0.      9.      0.     2.8     0.0     0.2     1.7     0.0     18.      0.      2.     18.      0.
  61     95.      1.     51.    141.      0.    147.    199.   0.19   0.73   1.00   0.35     93.      0.      3.     12.     19.      0.    280.    118.    21.    94.   1.00   1.00     29.      0.      1.      0.     10.      0.     2.7     0.0     0.3     1.8     0.0     17.      0.      3.     19.      0.
  71     95.      1.     51.    141.      0.    147.    206.   0.20   0.77   1.00   0.35    109.      0.      5.     15.     27.      0.    325.    139.    35.   134.   1.00   1.00     29.      0.      1.      0.     10.      0.     2.7     0.0     0.3     1.8     0.0     17.      0.      3.     19.      0.
  81    149.      3.     80.    191.      0.    233.    270.   0.26   0.88   1.00   0.35    127.      0.      8.     22.     34.      0.    366.    157.    48.   168.   0.98   0.97     25.      0.      5.      0.     13.      0.     2.0     0.0     1.0     2.5     0.0     10.      0.     10.     26.      0.
  91    172.      5.     92.    207.      0.    268.    313.   0.30   0.93   1.00   0.35    133.      0.     12.     27.     35.      0.    405.    172.    66.   210.   0.99   0.99     24.      0.      6.      0.     14.      0.     1.7     0.0     1.3     2.8     0.0      7.      0.     13.     29.      0.
 101    333.     11.    206.    291.      0.    550.    389.   0.37   1.26   1.00   0.34    133.      0.     17.     29.     35.      0.    426.    176.    93.   267.   0.86   0.85     17.      0.     13.      0.     21.      0.     0.3     0.0     2.7     4.2     0.0     -7.      0.     27.     43.      1.
 111    657.     32.    521.    426.      0.   1210.    474.   0.45   1.92   1.00   0.33    137.      0.     27.     31.     35.      0.    418.    168.   136.   341.   0.85   0.85      0.      0.     30.      0.     38.      0.    -3.9     0.0     6.9     8.4     0.0    -48.      0.     68.     83.      1.
 121    742.    142.    801.    504.      0.   1685.    557.   0.53   2.08   1.00   0.33    152.      0.     43.     38.     35.      0.    411.    161.   194.   422.   0.70   0.70      0.      0.     30.      0.     38.      1.    -6.0     0.0     9.0    10.5     0.1    -69.      0.     89.    104.      2.
 131   1020.    223.   1569.    634.      0.   2812.    678.   0.65   2.64   1.00   0.31    160.      0.     65.     44.     35.      0.    390.    140.   269.   525.   0.91   0.91     10.      0.     55.      0.     63.      1.    -6.2     0.0    11.2    12.6     0.1    -61.      0.    111.    125.      2.
 141   1358.    315.   3233.    789.      0.   4906.    833.   0.79   3.32   1.00   0.32    202.      0.     88.     51.     35.      0.    403.    153.   346.   616.   0.73   0.73      0.      0.     65.      0.     72.      1.   -11.4     0.0    16.4    17.7     0.2   -114.      0.    164.    177.      3.
 151   1280.    514.   4858.    860.      0.   6652.    967.   0.92   3.17   1.00   0.32    220.      0.    109.     56.     35.      0.    396.    146.   416.   698.   0.66   0.66      0.      0.     65.      0.     71.      2.   -13.7     0.0    18.7    20.0     0.3   -137.      0.    187.    199.      5.
 161    935.    866.   5857.    906.   1088.   8746.   1129.   1.08   2.44   1.00   0.29    220.      0.    137.     59.     35.      0.    363.    113.   497.   796.   0.66   0.66      0.      0.     65.      0.     70.      4.   -15.0     0.0    20.0    21.1     0.5   -150.      0.    200.    209.      8.
 171    587.   1215.   5857.    913.   2017.   9675.   1257.   1.21   1.65   1.00   0.32    286.      0.    152.     68.     35.      0.    406.    156.   538.   853.   0.50   0.50      0.      0.     65.      0.     68.      5.   -15.7     0.0    20.7    21.6     0.6   -150.      0.    200.    205.     11.
 181    323.   1478.   5857.    913.   2827.  10485.   1400.   1.35   1.05   1.00   0.33    320.      0.    166.     82.     35.      0.    411.    161.   582.   933.   0.28   0.28      0.      0.     65.      0.     67.      6.   -16.2     0.0    21.2    22.0     0.8   -150.      0.    200.    203.     14.
 191    150.   1651.   5739.    895.   3164.  10822.   1577.   1.53   0.64   1.00   0.31    320.      0.    179.     94.     35.      0.    386.    136.   626.  1044.   0.12   0.12      0.      0.     65.      0.     66.      7.   -16.2     0.0    21.2    21.8     0.9   -150.      0.    200.    201.     16.
 201     69.   1733.   4690.    731.   3210.  10868.   1729.   1.68   0.41   1.00   0.30    321.      0.    187.    102.     35.      0.    372.    122.   652.  1140.   0.05   0.05      0.      0.     65.      0.     64.     10.   -16.2     0.0    21.2    21.4     1.3   -150.      0.    200.    194.     23.
 211     29.   1772.   3832.    597.   3210.  10868.   1908.   1.86   0.27   1.00   0.30    351.      0.    190.    121.     35.      0.    379.    129.   664.  1200.   0.03   0.03      0.      0.     65.      0.     61.     12.   -16.2     0.0    21.2    21.1     1.6   -150.      0.    200.    189.     28.
 220     15.   1787.   3260.    508.   3210.  10868.   2060.   2.01   0.19   1.00   0.30    371.      0.    194.    138.     35.      0.    378.    128.   674.  1276.   0.01   0.01      0.      0.     65.      0.     60.     13.   -16.2     0.0    21.2    20.9     1.8   -150.      0.    200.    185.     32.


DATA-FILE  WAGI1PTS.OUT


Name of run: WAGN3


Station=  WAGE , Soil=  1, Crop=  1,    Irr.=  0, IOPT=  3, Runof=0.00, CO2=370.

 Planting on day   0, 1972
 Crop emergence on day   1, 1972
 Wageningen, water and N limit., wheat var.1, RUE=3.0                            

 Crop PRODUCTION AND SOIL WATER STATUS
 =======================================
 DAY   WLVG    WLVD    WST      WRT     WSO    TAGB   TSUML     DVS   LAI  TRANRF  SMACT  TRAIN   TIRR  TTRANS   TESOIL    TDRAIN  TRUNOF   WTOT  WAVT   PARAB    PAR    NNI   NPKI    NMINT   NMIN    NUPT    NFIX    NLIV    NLOSS   PMINT   PMIN    PUPT    PLIV    PLOSS   KMINT   KMIN    KUPT    KLIV    KLOSS   
   1     68.      0.     37.    105.      0.    105.      0.   0.00   0.14   1.00   0.30      0.      0.      0.      0.      0.      0.     30.     10.     0.     0.   0.97   0.96      0.     30.      0.      0.      8.      0.     0.0     3.0     0.0     1.5     0.0      0.     20.      0.     16.      0.
  11     68.      0.     37.    105.      0.    105.     17.   0.02   0.17   1.00   0.30      1.      0.      0.      1.      0.      0.     62.     21.     1.     7.   1.00   1.00      7.     22.      0.      0.      8.      0.     0.7     2.2     0.0     1.5     0.0      5.     15.      0.     17.      0.
  21     69.      0.     37.    106.      0.    106.     42.   0.04   0.20   1.00   0.35     19.      0.      0.      2.      0.      0.    114.     49.     2.    16.   1.00   1.00     15.     15.      0.      0.      8.      0.     1.5     1.5     0.0     1.5     0.0     10.     10.      0.     17.      0.
  31     69.      0.     37.    106.      0.    106.     48.   0.05   0.21   1.00   0.34     32.      0.      1.      4.      0.      0.    154.     64.     3.    31.   1.00   1.00     22.      8.      0.      0.      8.      0.     2.2     0.7     0.0     1.5     0.0     15.      5.      0.     17.      0.
  41     74.      0.     40.    114.      0.    114.     89.   0.08   0.30   1.00   0.35     45.      0.      1.      7.      0.      0.    197.     83.     6.    50.   0.99   0.99     30.      0.      0.      0.      8.      0.     2.9     0.0     0.1     1.6     0.0     20.      0.      0.     17.      0.
  51     79.      0.     43.    123.      0.    123.    128.   0.12   0.41   1.00   0.35     57.      0.      2.      9.      0.      0.    238.    101.    10.    70.   1.00   1.00     29.      0.      1.      0.      9.      0.     2.9     0.0     0.1     1.6     0.0     19.      0.      1.     17.      0.
  61     95.      1.     52.    144.      0.    148.    169.   0.16   0.57   1.00   0.34     59.      0.      3.     11.      0.      0.    277.    115.    15.    93.   0.96   0.96     28.      0.      2.      0.     10.      0.     2.7     0.0     0.3     1.8     0.0     17.      0.      3.     19.      0.
  71    138.      3.     76.    193.      0.    217.    223.   0.21   0.80   1.00   0.35     76.      0.      6.     16.      0.      0.    324.    139.    29.   133.   1.00   1.00     25.      0.      5.      0.     14.      0.     1.9     0.0     1.1     2.6     0.0      9.      0.     11.     27.      0.
  81    241.      8.    129.    279.      0.    379.    295.   0.28   1.01   1.00   0.34     76.      0.     11.     21.      0.      0.    352.    143.    54.   195.   1.00   1.00     17.      0.     13.      0.     21.      0.     0.5     0.0     2.5     4.0     0.0     -5.      0.     25.     41.      0.
  91    293.     10.    161.    307.      0.    464.    364.   0.35   1.12   1.00   0.34     99.      0.     17.     28.      0.      0.    403.    169.    79.   249.   0.95   0.95     16.      0.     14.      0.     22.      0.     0.2     0.0     2.8     4.3     0.0     -7.      0.     27.     44.      0.
 101    477.     18.    316.    381.      0.    811.    460.   0.44   1.50   1.00   0.35    154.      0.     24.     37.     30.      0.    438.    187.   100.   287.   0.91   0.91      8.      0.     22.      0.     30.      0.    -1.5     0.0     4.5     6.0     0.0    -23.      0.     43.     60.      1.
 111    612.     26.    451.    427.      0.   1089.    526.   0.50   1.79   1.00   0.35    189.      0.     32.     44.     51.      0.    438.    187.   137.   347.   0.97   0.97      0.      0.     30.      0.     38.      0.    -3.0     0.0     6.0     7.5     0.0    -39.      0.     59.     75.      1.
 121    728.     85.    693.    486.      0.   1506.    589.   0.56   2.02   1.00   0.34    195.      0.     44.     50.     51.      0.    425.    175.   187.   420.   0.78   0.78      0.      0.     30.      0.     38.      0.    -4.8     0.0     7.8     9.2     0.1    -57.      0.     77.     92.      1.
 131   1054.    175.   1763.    640.      0.   2993.    719.   0.69   2.67   1.00   0.34    213.      0.     60.     56.     51.      0.    422.    172.   246.   498.   0.97   0.97      5.      0.     60.      0.     67.      1.    -7.1     0.0    12.1    13.5     0.1    -70.      0.    120.    135.      2.
 141   1239.    191.   2506.    704.      0.   3935.    809.   0.77   3.06   1.00   0.35    260.      0.     72.     61.     67.      0.    435.    185.   292.   555.   0.89   0.89      0.      0.     65.      0.     72.      1.    -8.8     0.0    13.8    15.2     0.1    -87.      0.    137.    152.      2.
 151   1296.    336.   4193.    796.      0.   5825.    943.   0.90   3.18   1.00   0.35    290.      0.     98.     68.     67.      0.    432.    182.   364.   640.   0.74   0.74      0.      0.     65.      0.     72.      1.   -12.3     0.0    17.3    18.6     0.2   -122.      0.    172.    186.      3.
 161   1123.    526.   5179.    835.    503.   7332.   1076.   1.02   2.83   1.00   0.34    314.      0.    119.     74.     67.      0.    430.    180.   425.   712.   0.78   0.78      0.      0.     65.      0.     71.      2.   -13.2     0.0    18.2    19.5     0.3   -132.      0.    182.    193.      5.
 171    752.    897.   5179.    859.   2496.   9324.   1203.   1.15   1.98   1.00   0.33    332.      0.    140.     82.     67.      0.    418.    168.   499.   808.   0.59   0.59      0.      0.     65.      0.     70.      4.   -13.8     0.0    18.8    19.8     0.5   -132.      0.    182.    190.      8.
 181    418.   1231.   5179.    861.   3390.  10218.   1351.   1.30   1.25   1.00   0.34    370.      0.    156.     93.     69.      0.    426.    176.   547.   886.   0.27   0.27      0.      0.     65.      0.     68.      5.   -15.3     0.0    20.3    21.2     0.6   -132.      0.    182.    187.     11.
 191    201.   1448.   5179.    861.   3573.  10402.   1504.   1.45   0.77   1.00   0.34    404.      0.    165.    105.     79.      0.    431.    181.   572.   941.   0.11   0.11      0.      0.     65.      0.     67.      6.   -15.3     0.0    20.3    21.1     0.7   -132.      0.    182.    185.     13.
 201     89.   1560.   4588.    762.   3617.  10445.   1672.   1.62   0.48   1.00   0.33    411.      0.    174.    119.     79.      0.    414.    164.   606.  1052.   0.05   0.05      0.      0.     65.      0.     66.      8.   -15.3     0.0    20.3    20.8     1.0   -132.      0.    182.    180.     18.
 211     37.   1612.   3749.    623.   3617.  10445.   1867.   1.82   0.30   1.00   0.35    480.      0.    179.    133.    105.      0.    438.    187.   620.  1119.   0.02   0.02      0.      0.     65.      0.     63.     10.   -15.3     0.0    20.3    20.5     1.3   -132.      0.    182.    175.     23.
 221     16.   1633.   3063.    509.   3617.  10445.   2034.   1.98   0.20   1.00   0.34    488.      0.    182.    150.    105.      0.    426.    176.   630.  1190.   0.01   0.01      0.      0.     65.      0.     62.     12.   -15.3     0.0    20.3    20.3     1.6   -132.      0.    182.    171.     27.
 223     14.   1635.   3002.    499.   3617.  10445.   2055.   2.00   0.19   1.00   0.35    506.      0.    182.    153.    109.      0.    438.    187.   631.  1195.   0.01   0.01      0.      0.     65.      0.     62.     12.   -15.3     0.0    20.3    20.2     1.6   -132.      0.    182.    171.     28.


DATA-FILE  WAGI1PTS.OUT


Name of run: WAGN3


Station=  WAGE , Soil=  1, Crop=  1,    Irr.=  0, IOPT=  3, Runof=0.00, CO2=370.

 Planting on day   0, 1973
 Crop emergence on day   1, 1973
 Wageningen, water and N limit., wheat var.1, RUE=3.0                            

 Crop PRODUCTION AND SOIL WATER STATUS
 =======================================
 DAY   WLVG    WLVD    WST      WRT     WSO    TAGB   TSUML     DVS   LAI  TRANRF  SMACT  TRAIN   TIRR  TTRANS   TESOIL    TDRAIN  TRUNOF   WTOT  WAVT   PARAB    PAR    NNI   NPKI    NMINT   NMIN    NUPT    NFIX    NLIV    NLOSS   PMINT   PMIN    PUPT    PLIV    PLOSS   KMINT   KMIN    KUPT    KLIV    KLOSS   
   1     68.      0.     37.    105.      0.    105.      0.   0.00   0.14   1.00   0.30      0.      0.      0.      0.      0.      0.     30.     10.     0.     0.   0.97   0.97      0.     30.      0.      0.      8.      0.     0.0     3.0     0.0     1.5     0.0      0.     20.      0.     16.      0.
  11     68.      0.     37.    105.      0.    105.     20.   0.02   0.17   1.00   0.31      1.      0.      0.      0.      0.      0.     64.     22.     1.     8.   1.00   1.00      7.     22.      0.      0.      8.      0.     0.7     2.2     0.0     1.5     0.0      5.     15.      0.     17.      0.
  21     69.      0.     37.    107.      0.    107.     41.   0.04   0.20   1.00   0.31      6.      0.      0.      1.      0.      0.    103.     37.     2.    18.   1.00   1.00     15.     15.      0.      0.      8.      0.     1.5     1.5     0.0     1.5     0.0     10.     10.      0.     17.      0.
  31     73.      0.     39.    112.      0.    112.     82.   0.08   0.28   1.00   0.35     26.      0.      0.      3.      0.      0.    156.     67.     3.    31.   1.00   0.99     22.      8.      0.      0.      8.      0.     2.2     0.7     0.0     1.5     0.0     15.      5.      0.     17.      0.
  41     76.      0.     41.    118.      0.    118.    119.   0.11   0.38   1.00   0.35     39.      0.      1.      5.      0.      0.    198.     85.     5.    43.   0.99   0.98     30.      0.      0.      0.      8.      0.     2.9     0.0     0.1     1.6     0.0     20.      0.      0.     17.      0.
  51     77.      0.     42.    119.      0.    119.    141.   0.13   0.46   1.00   0.35     85.      0.      2.      8.     13.      0.    241.    103.    10.    63.   1.00   1.00     30.      0.      0.      0.      8.      0.     2.9     0.0     0.1     1.6     0.0     19.      0.      1.     17.      0.
  61     80.      0.     43.    123.      0.    124.    169.   0.16   0.57   1.00   0.35     99.      0.      3.     11.     22.      0.    283.    121.    19.    95.   1.00   1.00     30.      0.      0.      0.      9.      0.     2.9     0.0     0.1     1.6     0.0     19.      0.      1.     17.      0.
  71    105.      2.     57.    152.      0.    164.    219.   0.21   0.79   1.00   0.35    110.      0.      4.     15.     30.      0.    323.    137.    32.   133.   1.00   1.00     28.      0.      2.      0.     10.      0.     2.5     0.0     0.5     2.0     0.0     15.      0.      5.     21.      0.
  81    127.      2.     67.    171.      0.    197.    260.   0.25   0.84   1.00   0.35    112.      0.      7.     19.     30.      0.    362.    152.    50.   181.   0.94   0.94     27.      0.      3.      0.     11.      0.     2.3     0.0     0.7     2.2     0.0     14.      0.      6.     22.      0.
  91    155.      4.     82.    190.      0.    240.    324.   0.31   0.89   1.00   0.35    119.      0.     10.     22.     30.      0.    403.    170.    74.   239.   1.00   1.00     25.      0.      5.      0.     13.      0.     2.0     0.0     1.0     2.6     0.0     10.      0.     10.     26.      0.
 101    198.      6.    110.    213.      0.    314.    370.   0.35   0.98   1.00   0.35    169.      0.     16.     33.     60.      0.    435.    185.    96.   292.   1.00   1.00     23.      0.      7.      0.     15.      0.     1.5     0.0     1.5     3.0     0.0      6.      0.     14.     31.      0.
 111    299.     11.    190.    258.      0.    500.    425.   0.40   1.19   1.00   0.35    186.      0.     21.     41.     62.      0.    436.    186.   126.   354.   0.98   0.98     18.      0.     12.      0.     21.      0.     0.4     0.0     2.6     4.1     0.0     -5.      0.     25.     41.      0.
 121    540.     25.    420.    348.      0.    985.    500.   0.48   1.69   1.00   0.35    199.      0.     31.     48.     63.      0.    433.    183.   168.   429.   1.00   1.00      3.      0.     27.      0.     35.      0.    -2.5     0.0     5.5     7.0     0.0    -34.      0.     54.     70.      1.
 131    887.     46.    901.    468.      0.   1834.    606.   0.58   2.40   1.00   0.35    225.      0.     42.     56.     67.      0.    435.    185.   209.   488.   0.97   0.97     21.      0.     44.      0.     52.      0.    -4.0     0.0     9.0    10.5     0.0    -39.      0.     89.    105.      1.
 141   1298.     69.   1838.    608.      0.   3205.    711.   0.68   3.25   1.00   0.33    234.      0.     65.     61.     67.      0.    417.    167.   290.   589.   0.93   0.93      0.      0.     65.      0.     73.      0.    -8.3     0.0    13.3    14.7     0.1    -82.      0.    132.    147.      1.
 151   1504.    229.   3597.    751.      0.   5331.    861.   0.82   3.66   1.00   0.32    255.      0.     91.     66.     67.      0.    406.    156.   370.   679.   0.69   0.69      0.      0.     65.      0.     72.      1.   -13.2     0.0    18.2    19.6     0.1   -131.      0.    181.    196.      2.
 161   1357.    459.   5273.    812.      0.   7090.    991.   0.94   3.40   1.00   0.32    272.      0.    113.     70.     67.      0.    397.    147.   445.   765.   0.65   0.65      0.      0.     65.      0.     71.      2.   -15.3     0.0    20.3    21.5     0.3   -152.      0.    202.    214.      4.
 171    963.    854.   5733.    857.   1880.   9430.   1139.   1.09   2.53   1.00   0.29    272.      0.    141.     72.     67.      0.    367.    117.   538.   875.   0.63   0.63      0.      0.     65.      0.     70.      4.   -15.6     0.0    20.6    21.7     0.4   -155.      0.    205.    213.      8.
 181    513.   1304.   5733.    865.   3598.  11147.   1334.   1.28   1.50   1.00   0.28    285.      0.    170.     79.     67.      0.    344.     94.   616.   987.   0.32   0.32      0.      0.     65.      0.     68.      5.   -17.1     0.0    22.1    22.9     0.7   -155.      0.    205.    209.     12.
 191    237.   1580.   5733.    865.   4205.  11754.   1525.   1.47   0.87   1.00   0.25    285.      0.    188.     91.     67.      0.    314.     64.   676.  1104.   0.13   0.13      0.      0.     65.      0.     67.      6.   -17.3     0.0    22.3    23.0     0.8   -155.      0.    205.    207.     15.
 201    105.   1712.   4877.    735.   4264.  11814.   1696.   1.65   0.54   1.00   0.25    310.      0.    197.    110.     67.      0.    312.     62.   702.  1178.   0.06   0.06      0.      0.     65.      0.     64.      9.   -17.3     0.0    22.3    22.6     1.2   -155.      0.    205.    201.     21.
 211     47.   1770.   3985.    601.   4266.  11815.   1851.   1.80   0.36   1.00   0.25    335.      0.    202.    129.     67.      0.    313.     63.   717.  1240.   0.03   0.03      0.      0.     65.      0.     62.     11.   -17.3     0.0    22.3    22.3     1.5   -155.      0.    205.    195.     26.
 221     20.   1797.   3256.    491.   4266.  11815.   2027.   1.98   0.24   1.00   0.25    361.      0.    206.    151.     67.      0.    313.     63.   728.  1310.   0.01   0.01      0.      0.     65.      0.     60.     13.   -17.3     0.0    22.3    22.0     1.8   -155.      0.    205.    191.     31.
 224     17.   1800.   3127.    472.   4266.  11815.   2060.   2.01   0.22   1.00   0.25    361.      0.    206.    154.     67.      0.    310.     60.   731.  1331.   0.01   0.01      0.      0.     65.      0.     60.     13.   -17.3     0.0    22.3    22.0     1.8   -155.      0.    205.    190.     32.


DATA-FILE  WAGI1PTS.OUT


Name of run: WAGN3


Station=  WAGE , Soil=  1, Crop=  1,    Irr.=  0, IOPT=  3, Runof=0.00, CO2=370.

 Planting on day   0, 1974
 Crop emergence on day   1, 1974
 Wageningen, water and N limit., wheat var.1, RUE=3.0                            

 Crop PRODUCTION AND SOIL WATER STATUS
 =======================================
 DAY   WLVG    WLVD    WST      WRT     WSO    TAGB   TSUML     DVS   LAI  TRANRF  SMACT  TRAIN   TIRR  TTRANS   TESOIL    TDRAIN  TRUNOF   WTOT  WAVT   PARAB    PAR    NNI   NPKI    NMINT   NMIN    NUPT    NFIX    NLIV    NLOSS   PMINT   PMIN    PUPT    PLIV    PLOSS   KMINT   KMIN    KUPT    KLIV    KLOSS   
   1     68.      0.     37.    105.      0.    105.      0.   0.00   0.14   1.00   0.30      0.      0.      0.      0.      0.      0.     30.     10.     0.     0.   0.97   0.96      0.     30.      0.      0.      8.      0.     0.0     3.0     0.0     1.5     0.0      0.     20.      0.     16.      0.
  11     69.      0.     38.    107.      0.    107.     32.   0.03   0.19   1.00   0.35     23.      0.      0.      2.      0.      0.     72.     31.     1.    10.   1.00   1.00      7.     22.      0.      0.      8.      0.     0.7     2.2     0.0     1.5     0.0      5.     15.      0.     17.      0.
  21     75.      0.     41.    116.      0.    116.    111.   0.11   0.36   1.00   0.34     43.      0.      1.      9.      0.      0.    112.     46.     2.    18.   1.00   1.00     15.     15.      0.      0.      8.      0.     1.4     1.5     0.1     1.6     0.0     10.     10.      0.     17.      0.
  31     83.      1.     45.    126.      0.    128.    160.   0.15   0.53   1.00   0.35     59.      0.      2.     12.      0.      0.    157.     67.     5.    30.   0.99   0.99     22.      8.      1.      0.      9.      0.     2.1     0.7     0.1     1.6     0.0     14.      5.      1.     17.      0.
  41     94.      1.     51.    140.      0.    145.    206.   0.20   0.77   1.00   0.35     82.      0.      3.     15.      1.      0.    199.     85.    10.    46.   0.99   0.99     29.      0.      1.      0.      9.      0.     2.7     0.0     0.3     1.8     0.0     17.      0.      3.     19.      0.
  51    140.      3.     74.    182.      0.    218.    276.   0.26   0.87   1.00   0.34     84.      0.      6.     20.      1.      0.    236.     98.    19.    70.   1.00   1.00     26.      0.      4.      0.     13.      0.     2.1     0.0     0.9     2.4     0.0     11.      0.      9.     25.      0.
  61    142.      3.     75.    184.      0.    220.    300.   0.29   0.87   1.00   0.35     93.      0.      8.     21.      2.      0.    283.    121.    34.   106.   1.00   1.00     26.      0.      4.      0.     13.      0.     2.1     0.0     0.9     2.4     0.0     11.      0.      9.     25.      0.
  71    150.      3.     79.    188.      0.    232.    323.   0.31   0.89   1.00   0.35    108.      0.     10.     24.     14.      0.    322.    137.    46.   135.   0.98   0.98     26.      0.      4.      0.     13.      0.     2.1     0.0     0.9     2.5     0.0     11.      0.      9.     25.      0.
  81    198.      6.    113.    215.      0.    317.    381.   0.36   0.99   1.00   0.35    142.      0.     13.     30.     37.      0.    366.    156.    60.   169.   1.00   1.00     23.      0.      7.      0.     15.      0.     1.5     0.0     1.5     3.0     0.0      6.      0.     14.     31.      0.
  91    360.     14.    254.    283.      0.    629.    467.   0.44   1.32   1.00   0.34    144.      0.     18.     34.     37.      0.    399.    166.    88.   225.   1.00   1.00     14.      0.     16.      0.     24.      0.    -0.4     0.0     3.4     4.9     0.0    -13.      0.     33.     49.      1.
 101    775.     59.    840.    443.      0.   1674.    583.   0.56   2.15   1.00   0.33    144.      0.     31.     38.     37.      0.    412.    162.   145.   312.   0.72   0.72      0.      0.     30.      0.     38.      0.    -5.4     0.0     8.4     9.9     0.1    -63.      0.     83.     99.      1.
 111    729.    183.   1018.    475.      0.   1930.    652.   0.62   2.07   1.00   0.32    144.      0.     45.     39.     37.      0.    397.    147.   211.   403.   0.73   0.73      0.      0.     30.      0.     37.      1.    -6.2     0.0     9.2    10.6     0.1    -71.      0.     91.    105.      2.
 121    695.    276.   1215.    498.      0.   2186.    718.   0.68   2.00   1.00   0.31    153.      0.     55.     43.     37.      0.    393.    143.   257.   469.   0.73   0.73      0.      0.     30.      0.     37.      1.    -6.4     0.0     9.4    10.8     0.2    -73.      0.     93.    107.      3.
 131    753.    349.   1776.    548.      0.   2878.    805.   0.77   2.13   1.00   0.31    157.      0.     67.     45.     37.      0.    382.    132.   299.   527.   0.99   0.99     19.      0.     46.      0.     53.      2.    -5.6     0.0    10.6    11.9     0.2    -55.      0.    105.    118.      4.
 141    985.    367.   3669.    648.      0.   5021.    946.   0.90   2.61   1.00   0.31    187.      0.     90.     52.     37.      0.    383.    133.   375.   628.   0.97   0.97      0.      0.     65.      0.     72.      2.    -9.1     0.0    14.1    15.4     0.2    -90.      0.    140.    153.      4.
 151    948.    424.   4932.    692.    405.   6709.   1059.   1.01   2.52   1.00   0.30    204.      0.    111.     59.     37.      0.    372.    122.   452.   725.   0.90   0.90      0.      0.     65.      0.     72.      2.   -10.7     0.0    15.7    17.0     0.2   -106.      0.    156.    168.      4.
 161    695.    677.   4932.    714.   2004.   8308.   1179.   1.13   1.88   1.00   0.31    244.      0.    129.     67.     37.      0.    384.    134.   517.   814.   0.76   0.76      0.      0.     65.      0.     70.      3.   -11.3     0.0    16.3    17.5     0.4   -106.      0.    156.    166.      6.
 171    422.    950.   4932.    718.   3558.   9862.   1331.   1.28   1.24   1.00   0.29    255.      0.    148.     77.     37.      0.    367.    117.   582.   921.   0.41   0.41      0.      0.     65.      0.     69.      4.   -13.0     0.0    18.0    19.1     0.5   -106.      0.    156.    164.      9.
 181    211.   1161.   4932.    718.   4110.  10414.   1491.   1.44   0.76   1.00   0.29    274.      0.    159.     92.     37.      0.    360.    110.   624.  1012.   0.16   0.16      0.      0.     65.      0.     69.      5.   -13.5     0.0    18.5    19.4     0.6   -106.      0.    156.    162.     11.
 191     98.   1274.   4458.    649.   4181.  10485.   1639.   1.59   0.48   1.00   0.30    312.      0.    166.    108.     37.      0.    375.    125.   647.  1088.   0.07   0.07      0.      0.     65.      0.     67.      6.   -13.5     0.0    18.5    19.2     0.8   -106.      0.    156.    158.     15.
 201     44.   1328.   3642.    530.   4187.  10491.   1784.   1.73   0.32   1.00   0.30    328.      0.    171.    125.     37.      0.    369.    119.   663.  1161.   0.03   0.03      0.      0.     65.      0.     65.      8.   -13.5     0.0    18.5    18.9     1.1   -106.      0.    156.    153.     20.
 211     20.   1353.   2976.    433.   4187.  10491.   1936.   1.89   0.22   1.00   0.29    339.      0.    174.    141.     37.      0.    362.    112.   674.  1236.   0.02   0.02      0.      0.     65.      0.     63.     10.   -13.5     0.0    18.5    18.6     1.4   -106.      0.    156.    149.     24.
 220     10.   1362.   2532.    369.   4187.  10491.   2058.   2.01   0.17   1.00   0.29    348.      0.    176.    150.     37.      0.    360.    110.   680.  1290.   0.01   0.01      0.      0.     65.      0.     62.     11.   -13.5     0.0    18.5    18.5     1.5   -106.      0.    156.    146.     26.


DATA-FILE  WAGI1PTS.OUT


Name of run: WAGP4


Station=  WAGE , Soil=  1, Crop=  1,    Irr.=  0, IOPT=  4, Runof=0.00, CO2=370.

 Planting on day   0, 1969
 Crop emergence on day   1, 1969
 Wageningen, water and N-P-K limit., wheat var.1, RUE=3.0                        

 Crop PRODUCTION AND SOIL WATER STATUS
 =======================================
 DAY   WLVG    WLVD    WST      WRT     WSO    TAGB   TSUML     DVS   LAI  TRANRF  SMACT  TRAIN   TIRR  TTRANS   TESOIL    TDRAIN  TRUNOF   WTOT  WAVT   PARAB    PAR    NNI   NPKI    NMINT   NMIN    NUPT    NFIX    NLIV    NLOSS   PMINT   PMIN    PUPT    PLIV    PLOSS   KMINT   KMIN    KUPT    KLIV    KLOSS   
   1     68.      0.     37.    105.      0.    105.      0.   0.00   0.14   1.00   0.30      0.      0.      0.      0.      0.      0.     30.     10.     0.     0.   0.98   0.97      0.     30.      0.      0.      8.      0.     0.0     3.0     0.0     1.5     0.0      0.     20.      0.     16.      0.
  11     68.      0.     37.    105.      0.    105.     13.   0.01   0.16   1.00   0.31      4.      0.      0.      1.      0.      0.     65.     24.     1.     7.   1.00   1.00      7.     22.      0.      0.      8.      0.     0.7     2.2     0.0     1.5     0.0      5.     15.      0.     17.      0.
  21     70.      0.     38.    108.      0.    108.     59.   0.06   0.23   1.00   0.35     19.      0.      0.      2.      0.      0.    114.     49.     1.    14.   1.00   1.00     15.     15.      0.      0.      8.      0.     1.5     1.5     0.0     1.5     0.0     10.     10.      0.     17.      0.
  31     76.      0.     41.    117.      0.    118.    125.   0.12   0.40   1.00   0.35     34.      0.      1.      4.      0.      0.    155.     65.     3.    23.   1.00   1.00     22.      8.      0.      0.      8.      0.     2.2     0.7     0.1     1.6     0.0     15.      5.      0.     17.      0.
  41     80.      0.     43.    122.      0.    123.    148.   0.14   0.48   1.00   0.35     53.      0.      1.      7.      0.      0.    198.     85.     8.    43.   1.00   1.00     30.      0.      0.      0.      9.      0.     2.9     0.0     0.1     1.6     0.0     19.      0.      1.     17.      0.
  51     80.      0.     43.    122.      0.    123.    148.   0.14   0.48   1.00   0.35     75.      0.      2.      8.      2.      0.    241.    103.    14.    68.   1.00   1.00     30.      0.      0.      0.      9.      0.     2.9     0.0     0.1     1.6     0.0     19.      0.      1.     17.      0.
  61     88.      1.     48.    133.      0.    136.    168.   0.16   0.57   1.00   0.35     80.      0.      3.     11.      6.      0.    281.    119.    19.    89.   1.00   1.00     29.      0.      1.      0.      9.      0.     2.8     0.0     0.2     1.8     0.0     18.      0.      2.     19.      0.
  71     89.      1.     48.    135.      0.    138.    192.   0.18   0.68   1.00   0.35     85.      0.      5.     13.      6.      0.    324.    139.    34.   134.   1.00   1.00     29.      0.      1.      0.      9.      0.     2.7     0.0     0.3     1.8     0.0     18.      0.      2.     19.      0.
  81     98.      1.     53.    144.      0.    151.    221.   0.21   0.78   1.00   0.35    119.      0.      7.     17.     35.      0.    365.    155.    43.   160.   1.00   1.00     28.      0.      2.      0.     10.      0.     2.6     0.0     0.4     1.9     0.0     17.      0.      3.     20.      0.
  91    103.      1.     55.    148.      0.    159.    245.   0.23   0.79   1.00   0.35    137.      0.     10.     21.     44.      0.    409.    175.    60.   205.   0.98   0.98     28.      0.      2.      0.     10.      0.     2.6     0.0     0.4     1.9     0.0     17.      0.      3.     20.      0.
 101    321.     14.    229.    326.      0.    564.    339.   0.32   1.21   1.00   0.34    139.      0.     19.     30.     44.      0.    421.    171.    93.   285.   0.91   0.62     14.      0.     16.      0.     24.      0.     0.0     0.0     3.0     4.5     0.0      0.      0.     20.     36.      0.
 111    320.     77.    268.    355.      0.    665.    394.   0.38   1.21   1.00   0.35    184.      0.     26.     40.     59.      0.    434.    184.   126.   347.   1.00   0.62     11.      0.     19.      0.     27.      0.     0.0     0.0     3.0     4.5     0.1      0.      0.     20.     36.      1.
 121    445.    178.    452.    437.      0.   1075.    486.   0.46   1.42   1.00   0.34    212.      0.     35.     49.     73.      0.    429.    179.   167.   421.   1.00   0.39      3.      0.     27.      0.     35.      1.     0.0     0.0     3.0     4.4     0.1      0.      0.     20.     35.      2.
 131    621.    298.    818.    530.      0.   1737.    613.   0.58   1.74   1.00   0.34    227.      0.     47.     57.     73.      0.    425.    175.   206.   486.   0.97   0.64     29.      0.     36.      0.     43.      1.     0.0     0.0     5.0     6.4     0.2      0.      0.     50.     64.      3.
 141    707.    469.   1399.    612.      0.   2574.    749.   0.71   1.89   1.00   0.34    259.      0.     64.     69.     73.      0.    429.    179.   251.   553.   1.00   0.48     19.      0.     46.      0.     53.      2.     0.0     0.0     5.0     6.3     0.3      0.      0.     50.     62.      5.
 151    688.    674.   2240.    674.      0.   3602.    884.   0.84   1.86   1.00   0.33    276.      0.     83.     80.     73.      0.    415.    165.   313.   644.   1.00   0.37     12.      0.     53.      0.     59.      3.     0.0     0.0     5.0     6.2     0.4      0.      0.     50.     60.      6.
 161    531.    867.   3017.    700.      0.   4416.   1004.   0.96   1.62   1.00   0.33    316.      0.    100.     91.     82.      0.    418.    168.   367.   728.   1.00   0.34      8.      0.     57.      0.     62.      4.     0.0     0.0     5.0     6.1     0.5      0.      0.     50.     59.      8.
 171    299.   1099.   3235.    718.    837.   5470.   1182.   1.13   1.09   1.00   0.32    331.      0.    124.    105.     82.      0.    395.    145.   432.   842.   1.00   0.38      6.      0.     59.      0.     63.      5.     0.0     0.0     5.0     6.0     0.6      0.      0.     50.     57.     10.
 181    158.   1241.   3235.    720.   1319.   5952.   1331.   1.28   0.71   1.00   0.31    346.      0.    133.    120.     82.      0.    386.    136.   462.   912.   1.00   0.25      2.      0.     63.      0.     66.      5.     0.0     0.0     5.0     5.9     0.6      0.      0.     50.     55.     11.
 191     75.   1324.   3235.    720.   1533.   6167.   1492.   1.44   0.46   1.00   0.30    366.      0.    142.    136.     82.      0.    381.    131.   489.  1001.   1.00   0.11      2.      0.     63.      0.     66.      5.     0.0     0.0     5.0     5.9     0.7      0.      0.     50.     54.     12.
 201     33.   1366.   2865.    638.   1553.   6187.   1658.   1.61   0.31   1.00   0.30    376.      0.    147.    153.     82.      0.    369.    119.   505.  1084.   1.00   0.05      2.      0.     63.      0.     65.      6.     0.0     0.0     5.0     5.7     0.8      0.      0.     50.     52.     15.
 211     13.   1386.   2341.    521.   1553.   6187.   1873.   1.82   0.19   1.00   0.29    389.      0.    152.    173.     82.      0.    358.    108.   518.  1177.   1.00   0.02      2.      0.     63.      0.     64.      8.     0.0     0.0     5.0     5.5     1.0      0.      0.     50.     48.     18.
 221      6.   1393.   1952.    434.   1553.   6187.   2057.   2.01   0.13   1.00   0.28    406.      0.    154.    193.     82.      0.    351.    101.   526.  1264.   1.00   0.01      2.      0.     63.      0.     63.      9.     0.0     0.0     5.0     5.3     1.2      0.      0.     50.     46.     21.


DATA-FILE  WAGI1PTS.OUT


Name of run: WAGP4


Station=  WAGE , Soil=  1, Crop=  1,    Irr.=  0, IOPT=  4, Runof=0.00, CO2=370.

 Planting on day   0, 1970
 Crop emergence on day   1, 1970
 Wageningen, water and N-P-K limit., wheat var.1, RUE=3.0                        

 Crop PRODUCTION AND SOIL WATER STATUS
 =======================================
 DAY   WLVG    WLVD    WST      WRT     WSO    TAGB   TSUML     DVS   LAI  TRANRF  SMACT  TRAIN   TIRR  TTRANS   TESOIL    TDRAIN  TRUNOF   WTOT  WAVT   PARAB    PAR    NNI   NPKI    NMINT   NMIN    NUPT    NFIX    NLIV    NLOSS   PMINT   PMIN    PUPT    PLIV    PLOSS   KMINT   KMIN    KUPT    KLIV    KLOSS   
   1     68.      0.     37.    105.      0.    105.      0.   0.00   0.14   1.00   0.30      0.      0.      0.      0.      0.      0.     30.     10.     0.     0.   0.98   0.98      0.     30.      0.      0.      8.      0.     0.0     3.0     0.0     1.5     0.0      0.     20.      0.     16.      0.
  11     68.      0.     37.    105.      0.    105.      1.   0.00   0.15   1.00   0.35     13.      0.      0.      2.      0.      0.     72.     31.     1.     9.   1.00   1.00      7.     22.      0.      0.      8.      0.     0.7     2.2     0.0     1.5     0.0      5.     15.      0.     17.      0.
  21     69.      0.     37.    106.      0.    106.     27.   0.03   0.18   1.00   0.34     18.      0.      0.      2.      0.      0.    112.     46.     2.    17.   1.00   1.00     15.     15.      0.      0.      8.      0.     1.5     1.5     0.0     1.5     0.0     10.     10.      0.     17.      0.
  31     70.      0.     38.    107.      0.    107.     52.   0.05   0.22   1.00   0.35     42.      0.      0.      3.      0.      0.    155.     65.     3.    27.   1.00   1.00     22.      8.      0.      0.      8.      0.     2.2     0.7     0.0     1.5     0.0     15.      5.      0.     17.      0.
  41     71.      0.     38.    109.      0.    109.     69.   0.07   0.25   1.00   0.35     75.      0.      1.      6.      6.      0.    199.     85.     5.    47.   1.00   1.00     30.      0.      0.      0.      8.      0.     3.0     0.0     0.0     1.5     0.0     20.      0.      0.     17.      0.
  51     71.      0.     38.    109.      0.    109.     72.   0.07   0.26   1.00   0.35    102.      0.      1.      7.     31.      0.    241.    103.     9.    71.   1.00   1.00     30.      0.      0.      0.      8.      0.     3.0     0.0     0.0     1.5     0.0     20.      0.      0.     17.      0.
  61     74.      0.     40.    115.      0.    115.    101.   0.10   0.33   1.00   0.35    148.      0.      2.     12.     72.      0.    283.    121.    12.    92.   1.00   1.00     30.      0.      0.      0.      8.      0.     2.9     0.0     0.1     1.6     0.0     20.      0.      0.     17.      0.
  71     75.      0.     40.    115.      0.    115.    106.   0.10   0.34   1.00   0.35    155.      0.      2.     15.     75.      0.    324.    139.    20.   135.   1.00   1.00     30.      0.      0.      0.      8.      0.     2.9     0.0     0.1     1.6     0.0     20.      0.      0.     17.      0.
  81     85.      1.     46.    131.      0.    132.    145.   0.14   0.47   1.00   0.35    165.      0.      3.     20.     79.      0.    367.    157.    26.   166.   0.98   0.98     29.      0.      1.      0.      9.      0.     2.8     0.0     0.2     1.7     0.0     18.      0.      2.     18.      0.
  91    102.      1.     55.    152.      0.    158.    185.   0.18   0.65   1.00   0.35    202.      0.      6.     28.    105.      0.    409.    175.    39.   212.   0.94   0.94     28.      0.      2.      0.     10.      0.     2.6     0.0     0.4     1.9     0.0     16.      0.      4.     20.      0.
 101    103.      1.     56.    154.      0.    160.    208.   0.20   0.76   1.00   0.35    240.      0.      8.     36.    133.      0.    438.    187.    56.   262.   1.00   1.00     28.      0.      2.      0.     11.      0.     2.5     0.0     0.5     2.0     0.0     15.      0.      5.     21.      0.
 111    219.      7.    125.    262.      0.    352.    290.   0.28   0.99   1.00   0.35    254.      0.     14.     45.    137.      0.    432.    182.    77.   313.   1.00   0.94     19.      0.     11.      0.     19.      0.     0.8     0.0     2.2     3.7     0.0      0.      0.     20.     36.      0.
 121    336.     41.    215.    347.      0.    593.    369.   0.35   1.22   1.00   0.35    286.      0.     21.     56.    148.      0.    435.    185.   103.   367.   0.96   0.60     13.      0.     17.      0.     25.      0.     0.0     0.0     3.0     4.5     0.0      0.      0.     20.     36.      1.
 131    728.    126.    666.    534.      0.   1520.    501.   0.48   1.92   1.00   0.34    291.      0.     34.     63.    148.      0.    421.    171.   152.   451.   0.95   0.56     25.      0.     40.      0.     48.      1.     0.0     0.0     5.0     6.5     0.1      0.      0.     50.     65.      1.
 141    922.    368.   1231.    671.      0.   2521.    636.   0.61   2.24   1.00   0.33    297.      0.     50.     67.    148.      0.    407.    157.   210.   531.   1.00   0.37     10.      0.     55.      0.     62.      2.     0.0     0.0     5.0     6.3     0.2      0.      0.     50.     63.      4.
 151    854.    661.   1771.    741.      0.   3286.    757.   0.72   2.14   1.00   0.31    306.      0.     68.     74.    148.      0.    391.    141.   268.   610.   1.00   0.32      4.      0.     61.      0.     67.      3.     0.0     0.0     5.0     6.2     0.3      0.      0.     50.     61.      6.
 161    734.    943.   2598.    797.      0.   4274.    923.   0.88   1.96   1.00   0.29    307.      0.     96.     77.    148.      0.    360.    110.   351.   726.   1.00   0.28      0.      0.     65.      0.     69.      4.     0.0     0.0     5.0     6.0     0.5      0.      0.     50.     58.      9.
 171    482.   1214.   3251.    822.    293.   5239.   1092.   1.04   1.52   1.00   0.27    315.      0.    121.     88.    148.      0.    333.     83.   428.   843.   1.00   0.29      0.      0.     65.      0.     68.      5.     0.0     0.0     5.0     5.9     0.6      0.      0.     50.     56.     11.
 181    237.   1458.   3251.    828.    938.   5885.   1272.   1.22   0.92   1.00   0.26    329.      0.    136.     98.    148.      0.    321.     71.   473.   930.   1.00   0.32      0.      0.     65.      0.     67.      6.     0.0     0.0     5.0     5.8     0.7      0.      0.     50.     53.     13.
 191    118.   1578.   3251.    828.   1244.   6190.   1440.   1.39   0.59   1.00   0.27    375.      0.    145.    116.    148.      0.    340.     90.   498.   999.   1.00   0.22      0.      0.     65.      0.     67.      6.     0.0     0.0     5.0     5.7     0.8      0.      0.     50.     52.     14.
 201     56.   1640.   3122.    795.   1353.   6299.   1590.   1.54   0.39   1.00   0.30    433.      0.    151.    131.    148.      0.    377.    127.   517.  1070.   1.00   0.10      0.      0.     65.      0.     66.      7.     0.0     0.0     5.0     5.6     0.9      0.      0.     50.     51.     16.
 211     25.   1670.   2551.    650.   1365.   6311.   1748.   1.70   0.26   1.00   0.30    460.      0.    155.    153.    148.      0.    378.    128.   528.  1133.   1.00   0.05      0.      0.     65.      0.     65.      9.     0.0     0.0     5.0     5.4     1.1      0.      0.     50.     47.     20.
 221     10.   1685.   2085.    531.   1365.   6311.   1941.   1.89   0.17   1.00   0.30    472.      0.    158.    166.    148.      0.    374.    124.   539.  1220.   1.00   0.02      0.      0.     65.      0.     64.     10.     0.0     0.0     5.0     5.2     1.3      0.      0.     50.     44.     23.
 229      6.   1690.   1810.    461.   1365.   6311.   2054.   2.00   0.14   1.00   0.30    484.      0.    160.    179.    148.      0.    371.    121.   544.  1276.   1.00   0.01      0.      0.     65.      0.     63.     10.     0.0     0.0     5.0     5.1     1.4      0.      0.     50.     42.     24.


DATA-FILE  WAGI1PTS.OUT


Name of run: WAGP4


Station=  WAGE , Soil=  1, Crop=  1,    Irr.=  0, IOPT=  4, Runof=0.00, CO2=370.

 Planting on day   0, 1971
 Crop emergence on day   1, 1971
 Wageningen, water and N-P-K limit., wheat var.1, RUE=3.0                        

 Crop PRODUCTION AND SOIL WATER STATUS
 =======================================
 DAY   WLVG    WLVD    WST      WRT     WSO    TAGB   TSUML     DVS   LAI  TRANRF  SMACT  TRAIN   TIRR  TTRANS   TESOIL    TDRAIN  TRUNOF   WTOT  WAVT   PARAB    PAR    NNI   NPKI    NMINT   NMIN    NUPT    NFIX    NLIV    NLOSS   PMINT   PMIN    PUPT    PLIV    PLOSS   KMINT   KMIN    KUPT    KLIV    KLOSS   
   1     68.      0.     37.    105.      0.    105.      0.   0.00   0.14   1.00   0.30      0.      0.      0.      0.      0.      0.     30.     10.     0.     0.   0.98   0.98      0.     30.      0.      0.      8.      0.     0.0     3.0     0.0     1.5     0.0      0.     20.      0.     16.      0.
  11     68.      0.     37.    105.      0.    105.      7.   0.01   0.15   1.00   0.32      4.      0.      0.      0.      0.      0.     66.     25.     1.    10.   1.00   1.00      7.     22.      0.      0.      8.      0.     0.7     2.2     0.0     1.5     0.0      5.     15.      0.     17.      0.
  21     69.      0.     37.    106.      0.    106.     33.   0.03   0.19   1.00   0.34     12.      0.      0.      1.      0.      0.    110.     45.     2.    21.   1.00   1.00     15.     15.      0.      0.      8.      0.     1.5     1.5     0.0     1.5     0.0     10.     10.      0.     17.      0.
  31     73.      0.     39.    112.      0.    112.     93.   0.09   0.31   1.00   0.35     60.      0.      1.      5.      0.      0.    157.     67.     3.    28.   1.00   1.00     22.      8.      0.      0.      8.      0.     2.2     0.7     0.0     1.5     0.0     15.      5.      0.     17.      0.
  41     78.      0.     42.    120.      0.    121.    134.   0.13   0.43   1.00   0.35     66.      0.      1.      6.      0.      0.    198.     85.     5.    41.   1.00   1.00     30.      0.      0.      0.      9.      0.     2.9     0.0     0.1     1.6     0.0     19.      0.      1.     17.      0.
  51     85.      1.     46.    129.      0.    132.    171.   0.16   0.58   1.00   0.35     86.      0.      2.      8.     13.      0.    241.    103.    12.    66.   1.00   1.00     29.      0.      1.      0.      9.      0.     2.8     0.0     0.2     1.7     0.0     18.      0.      2.     18.      0.
  61     95.      1.     51.    141.      0.    147.    199.   0.19   0.73   1.00   0.35     93.      0.      3.     12.     19.      0.    280.    118.    21.    94.   1.00   1.00     29.      0.      1.      0.     10.      0.     2.7     0.0     0.3     1.8     0.0     17.      0.      3.     19.      0.
  71     95.      1.     51.    141.      0.    147.    206.   0.20   0.75   1.00   0.35    109.      0.      5.     15.     27.      0.    325.    139.    35.   134.   1.00   1.00     29.      0.      1.      0.     10.      0.     2.7     0.0     0.3     1.8     0.0     17.      0.      3.     19.      0.
  81    148.      3.     80.    190.      0.    231.    270.   0.26   0.86   1.00   0.35    127.      0.      8.     22.     34.      0.    366.    157.    48.   168.   0.98   0.98     25.      0.      5.      0.     13.      0.     2.0     0.0     1.0     2.5     0.0     10.      0.     10.     26.      0.
  91    171.      4.     91.    206.      0.    266.    313.   0.30   0.91   1.00   0.35    133.      0.     12.     27.     35.      0.    405.    172.    66.   210.   0.99   0.99     24.      0.      6.      0.     14.      0.     1.7     0.0     1.3     2.8     0.0      8.      0.     12.     29.      0.
 101    327.     12.    203.    289.      0.    542.    389.   0.37   1.23   1.00   0.34    133.      0.     17.     29.     35.      0.    426.    176.    92.   267.   0.86   0.69     17.      0.     13.      0.     21.      0.     0.3     0.0     2.7     4.2     0.0      0.      0.     20.     36.      0.
 111    484.    109.    418.    386.      0.   1011.    474.   0.45   1.50   1.00   0.34    137.      0.     26.     32.     35.      0.    419.    169.   133.   341.   0.99   0.40      4.      0.     26.      0.     34.      1.     0.0     0.0     3.0     4.5     0.1      0.      0.     20.     35.      1.
 121    448.    269.    538.    426.      0.   1255.    557.   0.53   1.44   1.00   0.33    152.      0.     40.     40.     35.      0.    412.    162.   181.   422.   1.00   0.38      1.      0.     29.      0.     37.      1.     0.0     0.0     3.0     4.4     0.1      0.      0.     20.     34.      3.
 131    618.    376.   1010.    511.      0.   2004.    678.   0.65   1.76   1.00   0.32    160.      0.     56.     48.     35.      0.    394.    144.   242.   525.   0.91   0.62     31.      0.     34.      0.     41.      2.     0.0     0.0     5.0     6.3     0.2      0.      0.     50.     63.      4.
 141    723.    555.   1972.    604.      0.   3249.    833.   0.79   1.94   1.00   0.33    202.      0.     74.     60.     35.      0.    408.    158.   304.   616.   1.00   0.40     17.      0.     48.      0.     54.      2.     0.0     0.0     5.0     6.2     0.3      0.      0.     50.     61.      5.
 151    600.    761.   2774.    641.      0.   4135.    967.   0.92   1.75   1.00   0.32    220.      0.     89.     69.     35.      0.    402.    152.   359.   698.   1.00   0.36     11.      0.     54.      0.     59.      3.     0.0     0.0     5.0     6.1     0.4      0.      0.     50.     60.      7.
 161    376.    990.   3243.    662.    506.   5115.   1129.   1.08   1.29   1.00   0.30    220.      0.    110.     76.     35.      0.    375.    125.   419.   796.   1.00   0.39      9.      0.     56.      0.     60.      4.     0.0     0.0     5.0     6.0     0.5      0.      0.     50.     58.      9.
 171    212.   1153.   3243.    666.    962.   5571.   1257.   1.21   0.88   1.00   0.33    286.      0.    119.     90.     35.      0.    417.    167.   446.   853.   1.00   0.37      7.      0.     58.      0.     62.      5.     0.0     0.0     5.0     5.9     0.6      0.      0.     50.     56.     11.
 181    111.   1255.   3243.    666.   1367.   5976.   1400.   1.35   0.58   1.00   0.34    320.      0.    128.    108.     35.      0.    423.    173.   475.   933.   1.00   0.23      5.      0.     60.      0.     64.      5.     0.0     0.0     5.0     5.9     0.6      0.      0.     50.     55.     12.
 191     51.   1315.   3179.    652.   1543.   6152.   1577.   1.53   0.38   1.00   0.32    320.      0.    136.    122.     35.      0.    402.    152.   503.  1044.   1.00   0.10      5.      0.     60.      0.     63.      6.     0.0     0.0     5.0     5.8     0.7      0.      0.     50.     54.     12.
 201     23.   1342.   2597.    533.   1565.   6174.   1729.   1.68   0.26   1.00   0.31    321.      0.    141.    130.     35.      0.    389.    139.   520.  1140.   1.00   0.05      5.      0.     60.      0.     62.      7.     0.0     0.0     5.0     5.6     0.9      0.      0.     50.     50.     16.
 211     10.   1356.   2122.    435.   1565.   6174.   1908.   1.86   0.18   1.00   0.32    351.      0.    143.    151.     35.      0.    396.    146.   527.  1200.   1.00   0.02      5.      0.     60.      0.     60.      8.     0.0     0.0     5.0     5.4     1.1      0.      0.     50.     48.     19.
 220      5.   1361.   1805.    370.   1565.   6174.   2060.   2.01   0.13   1.00   0.32    371.      0.    145.    169.     35.      0.    396.    146.   534.  1276.   1.00   0.01      5.      0.     60.      0.     60.      9.     0.0     0.0     5.0     5.3     1.2      0.      0.     50.     46.     21.


DATA-FILE  WAGI1PTS.OUT


Name of run: WAGP4


Station=  WAGE , Soil=  1, Crop=  1,    Irr.=  0, IOPT=  4, Runof=0.00, CO2=370.

 Planting on day   0, 1972
 Crop emergence on day   1, 1972
 Wageningen, water and N-P-K limit., wheat var.1, RUE=3.0                        

 Crop PRODUCTION AND SOIL WATER STATUS
 =======================================
 DAY   WLVG    WLVD    WST      WRT     WSO    TAGB   TSUML     DVS   LAI  TRANRF  SMACT  TRAIN   TIRR  TTRANS   TESOIL    TDRAIN  TRUNOF   WTOT  WAVT   PARAB    PAR    NNI   NPKI    NMINT   NMIN    NUPT    NFIX    NLIV    NLOSS   PMINT   PMIN    PUPT    PLIV    PLOSS   KMINT   KMIN    KUPT    KLIV    KLOSS   
   1     68.      0.     37.    105.      0.    105.      0.   0.00   0.14   1.00   0.30      0.      0.      0.      0.      0.      0.     30.     10.     0.     0.   0.98   0.98      0.     30.      0.      0.      8.      0.     0.0     3.0     0.0     1.5     0.0      0.     20.      0.     16.      0.
  11     68.      0.     37.    105.      0.    105.     17.   0.02   0.17   1.00   0.30      1.      0.      0.      1.      0.      0.     62.     21.     1.     7.   1.00   1.00      7.     22.      0.      0.      8.      0.     0.7     2.2     0.0     1.5     0.0      5.     15.      0.     17.      0.
  21     69.      0.     37.    106.      0.    106.     42.   0.04   0.20   1.00   0.35     19.      0.      0.      2.      0.      0.    114.     49.     2.    16.   1.00   1.00     15.     15.      0.      0.      8.      0.     1.5     1.5     0.0     1.5     0.0     10.     10.      0.     17.      0.
  31     69.      0.     37.    106.      0.    106.     48.   0.05   0.21   1.00   0.34     32.      0.      1.      4.      0.      0.    154.     64.     3.    31.   1.00   1.00     22.      8.      0.      0.      8.      0.     2.2     0.7     0.0     1.5     0.0     15.      5.      0.     17.      0.
  41     74.      0.     40.    114.      0.    114.     89.   0.08   0.30   1.00   0.35     45.      0.      1.      7.      0.      0.    197.     83.     6.    50.   0.99   0.99     30.      0.      0.      0.      8.      0.     3.0     0.0     0.0     1.6     0.0     20.      0.      0.     17.      0.
  51     79.      0.     43.    123.      0.    123.    128.   0.12   0.41   1.00   0.35     57.      0.      2.      9.      0.      0.    238.    101.    10.    70.   1.00   1.00     29.      0.      1.      0.      9.      0.     2.9     0.0     0.1     1.6     0.0     19.      0.      1.     18.      0.
  61     95.      1.     52.    144.      0.    148.    169.   0.16   0.57   1.00   0.34     59.      0.      3.     11.      0.      0.    277.    115.    15.    93.   0.96   0.96     28.      0.      2.      0.     10.      0.     2.7     0.0     0.3     1.8     0.0     17.      0.      3.     19.      0.
  71    138.      3.     76.    193.      0.    217.    223.   0.21   0.80   1.00   0.35     76.      0.      6.     16.      0.      0.    324.    139.    29.   133.   1.00   1.00     25.      0.      5.      0.     14.      0.     1.9     0.0     1.1     2.6     0.0      9.      0.     11.     27.      0.
  81    241.      9.    129.    280.      0.    379.    295.   0.28   1.01   1.00   0.34     76.      0.     11.     21.      0.      0.    352.    143.    54.   195.   1.00   0.86     18.      0.     12.      0.     21.      0.     0.5     0.0     2.5     4.0     0.0      0.      0.     20.     36.      0.
  91    277.     25.    159.    306.      0.    461.    364.   0.35   1.08   1.00   0.34     99.      0.     17.     28.      0.      0.    403.    169.    79.   249.   0.96   0.78     17.      0.     13.      0.     21.      0.     0.4     0.0     2.6     4.1     0.0      0.      0.     20.     36.      0.
 101    387.     74.    283.    367.      0.    745.    460.   0.44   1.28   1.00   0.35    154.      0.     24.     38.     30.      0.    438.    187.    99.   287.   0.93   0.53     12.      0.     18.      0.     26.      0.     0.0     0.0     3.0     4.5     0.1      0.      0.     20.     36.      1.
 111    388.    168.    370.    397.      0.    925.    526.   0.50   1.28   1.00   0.35    189.      0.     30.     45.     51.      0.    438.    187.   130.   347.   1.00   0.49      9.      0.     21.      0.     29.      1.     0.0     0.0     3.0     4.4     0.1      0.      0.     20.     35.      2.
 121    381.    281.    489.    429.      0.   1151.    589.   0.56   1.28   1.00   0.34    195.      0.     40.     53.     51.      0.    426.    176.   170.   420.   1.00   0.43      6.      0.     24.      0.     31.      1.     0.0     0.0     3.0     4.4     0.2      0.      0.     20.     34.      3.
 131    572.    380.   1123.    523.      0.   2074.    719.   0.69   1.63   1.00   0.34    213.      0.     51.     61.     51.      0.    425.    175.   215.   498.   0.97   0.64     30.      0.     35.      0.     42.      2.     0.0     0.0     5.0     6.3     0.2      0.      0.     50.     63.      4.
 141    586.    495.   1586.    564.      0.   2667.    809.   0.77   1.65   1.00   0.35    260.      0.     60.     70.     70.      0.    435.    185.   250.   555.   0.99   0.54     25.      0.     40.      0.     46.      2.     0.0     0.0     5.0     6.3     0.3      0.      0.     50.     62.      5.
 151    556.    658.   2469.    613.      0.   3683.    943.   0.90   1.61   1.00   0.35    290.      0.     78.     83.     70.      0.    434.    184.   304.   640.   1.00   0.43     17.      0.     48.      0.     53.      3.     0.0     0.0     5.0     6.2     0.3      0.      0.     50.     61.      6.
 161    413.    812.   2950.    632.    245.   4420.   1076.   1.02   1.36   1.00   0.35    314.      0.     92.     95.     70.      0.    432.    182.   347.   712.   1.00   0.45     16.      0.     49.      0.     54.      3.     0.0     0.0     5.0     6.1     0.4      0.      0.     50.     59.      8.
 171    242.    983.   2950.    644.   1218.   5393.   1203.   1.15   0.93   1.00   0.34    332.      0.    105.    110.     70.      0.    422.    172.   395.   808.   1.00   0.42     13.      0.     52.      0.     56.      4.     0.0     0.0     5.0     6.0     0.5      0.      0.     50.     58.      9.
 181    126.   1098.   2950.    645.   1624.   5799.   1351.   1.30   0.61   1.00   0.34    370.      0.    114.    126.     77.      0.    427.    177.   424.   886.   1.00   0.20      8.      0.     57.      0.     61.      4.     0.0     0.0     5.0     6.0     0.6      0.      0.     50.     57.     10.
 191     59.   1165.   2950.    645.   1695.   5870.   1504.   1.45   0.40   1.00   0.35    404.      0.    119.    140.     88.      0.    432.    182.   438.   941.   1.00   0.08      8.      0.     57.      0.     61.      5.     0.0     0.0     5.0     5.9     0.6      0.      0.     50.     56.     11.
 201     26.   1199.   2614.    571.   1704.   5879.   1672.   1.62   0.27   1.00   0.33    411.      0.    125.    157.     88.      0.    416.    166.   458.  1052.   1.00   0.03      8.      0.     57.      0.     60.      6.     0.0     0.0     5.0     5.8     0.7      0.      0.     50.     54.     13.
 211     11.   1214.   2136.    467.   1704.   5879.   1867.   1.82   0.18   1.00   0.35    480.      0.    127.    172.    118.      0.    438.    187.   467.  1119.   1.00   0.02      8.      0.     57.      0.     59.      7.     0.0     0.0     5.0     5.6     0.9      0.      0.     50.     51.     16.
 221      5.   1220.   1745.    381.   1704.   5879.   2034.   1.98   0.12   1.00   0.34    488.      0.    129.    190.    118.      0.    426.    176.   473.  1190.   1.00   0.01      8.      0.     57.      0.     58.      8.     0.0     0.0     5.0     5.5     1.1      0.      0.     50.     48.     19.
 223      4.   1220.   1710.    374.   1704.   5879.   2055.   2.00   0.12   1.00   0.35    506.      0.    129.    192.    122.      0.    438.    187.   473.  1195.   1.00   0.01      8.      0.     57.      0.     58.      8.     0.0     0.0     5.0     5.5     1.1      0.      0.     50.     48.     19.


DATA-FILE  WAGI1PTS.OUT


Name of run: WAGP4


Station=  WAGE , Soil=  1, Crop=  1,    Irr.=  0, IOPT=  4, Runof=0.00, CO2=370.

 Planting on day   0, 1973
 Crop emergence on day   1, 1973
 Wageningen, water and N-P-K limit., wheat var.1, RUE=3.0                        

 Crop PRODUCTION AND SOIL WATER STATUS
 =======================================
 DAY   WLVG    WLVD    WST      WRT     WSO    TAGB   TSUML     DVS   LAI  TRANRF  SMACT  TRAIN   TIRR  TTRANS   TESOIL    TDRAIN  TRUNOF   WTOT  WAVT   PARAB    PAR    NNI   NPKI    NMINT   NMIN    NUPT    NFIX    NLIV    NLOSS   PMINT   PMIN    PUPT    PLIV    PLOSS   KMINT   KMIN    KUPT    KLIV    KLOSS   
   1     68.      0.     37.    105.      0.    105.      0.   0.00   0.14   1.00   0.30      0.      0.      0.      0.      0.      0.     30.     10.     0.     0.   0.98   0.98      0.     30.      0.      0.      8.      0.     0.0     3.0     0.0     1.5     0.0      0.     20.      0.     16.      0.
  11     68.      0.     37.    105.      0.    105.     20.   0.02   0.17   1.00   0.31      1.      0.      0.      0.      0.      0.     64.     22.     1.     8.   1.00   1.00      7.     22.      0.      0.      8.      0.     0.7     2.2     0.0     1.5     0.0      5.     15.      0.     17.      0.
  21     69.      0.     37.    107.      0.    107.     41.   0.04   0.20   1.00   0.31      6.      0.      0.      1.      0.      0.    103.     37.     2.    18.   1.00   1.00     15.     15.      0.      0.      8.      0.     1.5     1.5     0.0     1.5     0.0     10.     10.      0.     17.      0.
  31     73.      0.     39.    112.      0.    112.     82.   0.08   0.28   1.00   0.35     26.      0.      0.      3.      0.      0.    156.     67.     3.    31.   1.00   0.99     22.      8.      0.      0.      8.      0.     2.2     0.7     0.0     1.5     0.0     15.      5.      0.     17.      0.
  41     76.      0.     41.    118.      0.    118.    119.   0.11   0.38   1.00   0.35     39.      0.      1.      5.      0.      0.    198.     85.     6.    43.   0.99   0.98     30.      0.      0.      0.      8.      0.     3.0     0.0     0.0     1.6     0.0     20.      0.      0.     17.      0.
  51     77.      0.     42.    119.      0.    119.    141.   0.13   0.46   1.00   0.35     85.      0.      2.      8.     13.      0.    241.    103.    10.    63.   1.00   1.00     30.      0.      0.      0.      8.      0.     2.9     0.0     0.1     1.6     0.0     20.      0.      0.     17.      0.
  61     80.      0.     43.    123.      0.    124.    169.   0.16   0.57   1.00   0.35     99.      0.      3.     11.     22.      0.    283.    121.    19.    95.   1.00   1.00     30.      0.      0.      0.      9.      0.     2.9     0.0     0.1     1.6     0.0     19.      0.      1.     17.      0.
  71    105.      2.     57.    152.      0.    164.    219.   0.21   0.76   1.00   0.35    110.      0.      4.     15.     30.      0.    323.    137.    32.   133.   1.00   1.00     28.      0.      2.      0.     10.      0.     2.5     0.0     0.5     2.0     0.0     16.      0.      4.     21.      0.
  81    127.      2.     67.    170.      0.    196.    260.   0.25   0.80   1.00   0.35    112.      0.      7.     19.     30.      0.    362.    152.    49.   181.   0.95   0.95     27.      0.      3.      0.     11.      0.     2.4     0.0     0.6     2.1     0.0     14.      0.      6.     22.      0.
  91    153.      4.     81.    189.      0.    238.    324.   0.31   0.86   1.00   0.35    119.      0.     10.     22.     30.      0.    403.    170.    72.   239.   1.00   1.00     25.      0.      5.      0.     13.      0.     2.0     0.0     1.0     2.5     0.0     10.      0.     10.     26.      0.
 101    195.      6.    109.    211.      0.    309.    370.   0.35   0.95   1.00   0.35    169.      0.     15.     33.     60.      0.    435.    185.    95.   292.   1.00   1.00     23.      0.      7.      0.     15.      0.     1.5     0.0     1.5     3.0     0.0      6.      0.     14.     30.      0.
 111    291.     13.    187.    255.      0.    490.    425.   0.40   1.15   1.00   0.35    186.      0.     21.     42.     62.      0.    436.    186.   123.   354.   0.99   0.85     18.      0.     12.      0.     20.      0.     0.5     0.0     2.5     4.0     0.0      0.      0.     20.     36.      0.
 121    434.     82.    373.    329.      0.    888.    500.   0.48   1.41   1.00   0.35    199.      0.     30.     48.     63.      0.    433.    183.   164.   429.   1.00   0.50      8.      0.     22.      0.     30.      0.     0.0     0.0     3.0     4.5     0.1      0.      0.     20.     36.      1.
 131    601.    171.    689.    409.      0.   1461.    606.   0.58   1.71   1.00   0.35    225.      0.     39.     59.     67.      0.    435.    185.   198.   488.   0.97   0.77     34.      0.     31.      0.     38.      1.     0.0     0.0     5.0     6.4     0.1      0.      0.     50.     65.      2.
 141    787.    295.   1341.    509.      0.   2422.    711.   0.68   2.04   1.00   0.34    234.      0.     58.     66.     67.      0.    419.    169.   266.   589.   0.95   0.49     21.      0.     44.      0.     51.      1.     0.0     0.0     5.0     6.4     0.2      0.      0.     50.     64.      3.
 151    790.    531.   2257.    587.      0.   3578.    861.   0.82   2.05   1.00   0.33    255.      0.     77.     76.     67.      0.    410.    160.   331.   679.   1.00   0.37     10.      0.     55.      0.     61.      2.     0.0     0.0     5.0     6.3     0.3      0.      0.     50.     62.      5.
 161    622.    754.   3070.    617.      0.   4447.    991.   0.94   1.79   1.00   0.32    272.      0.     94.     83.     67.      0.    403.    153.   389.   765.   1.00   0.35      6.      0.     59.      0.     64.      3.     0.0     0.0     5.0     6.1     0.4      0.      0.     50.     60.      7.
 171    379.    998.   3286.    638.    893.   5556.   1139.   1.09   1.28   1.00   0.30    272.      0.    113.     88.     67.      0.    379.    129.   457.   875.   1.00   0.40      6.      0.     59.      0.     64.      4.     0.0     0.0     5.0     6.0     0.5      0.      0.     50.     57.      9.
 181    187.   1190.   3286.    642.   1752.   6415.   1334.   1.28   0.77   1.00   0.29    285.      0.    131.     99.     67.      0.    363.    113.   508.   987.   1.00   0.24      1.      0.     64.      0.     68.      5.     0.0     0.0     5.0     5.9     0.6      0.      0.     50.     56.     11.
 191     84.   1293.   3286.    642.   2016.   6680.   1525.   1.47   0.47   1.00   0.27    285.      0.    142.    114.     67.      0.    338.     88.   545.  1104.   1.00   0.10      0.      0.     65.      0.     68.      5.     0.0     0.0     5.0     5.9     0.7      0.      0.     50.     55.     12.
 201     37.   1341.   2796.    546.   2034.   6698.   1696.   1.65   0.31   1.00   0.27    310.      0.    147.    135.     67.      0.    336.     86.   561.  1178.   1.00   0.04      0.      0.     65.      0.     67.      7.     0.0     0.0     5.0     5.7     0.9      0.      0.     50.     51.     15.
 211     16.   1361.   2284.    446.   2034.   6698.   1851.   1.80   0.21   1.00   0.27    335.      0.    150.    156.     67.      0.    337.     87.   570.  1240.   1.00   0.02      0.      0.     65.      0.     65.      8.     0.0     0.0     5.0     5.5     1.1      0.      0.     50.     48.     18.
 221      7.   1370.   1867.    365.   2034.   6698.   2027.   1.98   0.15   1.00   0.27    361.      0.    152.    179.     67.      0.    338.     88.   577.  1310.   1.00   0.01      0.      0.     65.      0.     64.      9.     0.0     0.0     5.0     5.3     1.2      0.      0.     50.     46.     21.
 224      6.   1371.   1793.    350.   2034.   6698.   2060.   2.01   0.14   1.00   0.27    361.      0.    153.    182.     67.      0.    335.     85.   579.  1331.   1.00   0.01      0.      0.     65.      0.     64.      9.     0.0     0.0     5.0     5.3     1.2      0.      0.     50.     45.     21.


DATA-FILE  WAGI1PTS.OUT


Name of run: WAGP4


Station=  WAGE , Soil=  1, Crop=  1,    Irr.=  0, IOPT=  4, Runof=0.00, CO2=370.

 Planting on day   0, 1974
 Crop emergence on day   1, 1974
 Wageningen, water and N-P-K limit., wheat var.1, RUE=3.0                        

 Crop PRODUCTION AND SOIL WATER STATUS
 =======================================
 DAY   WLVG    WLVD    WST      WRT     WSO    TAGB   TSUML     DVS   LAI  TRANRF  SMACT  TRAIN   TIRR  TTRANS   TESOIL    TDRAIN  TRUNOF   WTOT  WAVT   PARAB    PAR    NNI   NPKI    NMINT   NMIN    NUPT    NFIX    NLIV    NLOSS   PMINT   PMIN    PUPT    PLIV    PLOSS   KMINT   KMIN    KUPT    KLIV    KLOSS   
   1     68.      0.     37.    105.      0.    105.      0.   0.00   0.14   1.00   0.30      0.      0.      0.      0.      0.      0.     30.     10.     0.     0.   0.98   0.98      0.     30.      0.      0.      8.      0.     0.0     3.0     0.0     1.5     0.0      0.     20.      0.     16.      0.
  11     70.      0.     38.    107.      0.    107.     32.   0.03   0.19   1.00   0.35     23.      0.      0.      2.      0.      0.     72.     31.     1.    10.   1.00   1.00      7.     22.      0.      0.      8.      0.     0.7     2.2     0.0     1.5     0.0      5.     15.      0.     17.      0.
  21     75.      0.     41.    116.      0.    116.    111.   0.11   0.36   1.00   0.34     43.      0.      1.      9.      0.      0.    112.     46.     2.    18.   1.00   1.00     15.     15.      0.      0.      8.      0.     1.5     1.5     0.0     1.6     0.0     10.     10.      0.     17.      0.
  31     83.      0.     45.    126.      0.    128.    160.   0.15   0.53   1.00   0.35     59.      0.      2.     12.      0.      0.    157.     67.     5.    30.   0.99   0.99     22.      8.      0.      0.      9.      0.     2.1     0.7     0.1     1.6     0.0     14.      5.      1.     17.      0.
  41     94.      1.     51.    140.      0.    145.    206.   0.20   0.77   1.00   0.35     82.      0.      3.     15.      1.      0.    199.     85.    10.    46.   0.99   0.99     29.      0.      1.      0.      9.      0.     2.7     0.0     0.3     1.8     0.0     18.      0.      2.     19.      0.
  51    140.      3.     74.    182.      0.    218.    276.   0.26   0.87   1.00   0.34     84.      0.      6.     20.      1.      0.    236.     98.    19.    70.   1.00   1.00     26.      0.      4.      0.     13.      0.     2.1     0.0     0.9     2.4     0.0     11.      0.      9.     25.      0.
  61    142.      3.     75.    184.      0.    220.    300.   0.29   0.87   1.00   0.35     93.      0.      8.     21.      2.      0.    283.    121.    34.   106.   1.00   1.00     26.      0.      4.      0.     13.      0.     2.1     0.0     0.9     2.4     0.0     11.      0.      9.     25.      0.
  71    150.      3.     79.    188.      0.    233.    323.   0.31   0.89   1.00   0.35    108.      0.     10.     24.     14.      0.    322.    137.    46.   135.   0.98   0.98     26.      0.      4.      0.     13.      0.     2.1     0.0     0.9     2.4     0.0     11.      0.      9.     25.      0.
  81    199.      6.    113.    215.      0.    317.    381.   0.36   0.99   1.00   0.35    142.      0.     13.     30.     37.      0.    366.    156.    60.   169.   1.00   1.00     23.      0.      7.      0.     15.      0.     1.5     0.0     1.5     3.0     0.0      6.      0.     14.     31.      0.
  91    340.     31.    251.    282.      0.    622.    467.   0.44   1.27   1.00   0.34    144.      0.     18.     34.     37.      0.    399.    166.    88.   225.   1.00   0.70     14.      0.     16.      0.     24.      0.     0.0     0.0     3.0     4.5     0.0      0.      0.     20.     36.      0.
 101    537.    153.    609.    387.      0.   1299.    583.   0.56   1.61   1.00   0.33    144.      0.     30.     38.     37.      0.    413.    163.   139.   312.   1.00   0.35      1.      0.     29.      0.     37.      1.     0.0     0.0     3.0     4.4     0.1      0.      0.     20.     35.      2.
 111    425.    317.    682.    402.      0.   1425.    652.   0.62   1.44   1.00   0.32    144.      0.     41.     40.     37.      0.    400.    150.   195.   403.   1.00   0.39      0.      0.     30.      0.     37.      1.     0.0     0.0     3.0     4.4     0.2      0.      0.     20.     34.      3.
 121    352.    431.    779.    415.      0.   1562.    718.   0.68   1.32   1.00   0.32    153.      0.     49.     45.     37.      0.    397.    147.   232.   469.   1.00   0.42      0.      0.     30.      0.     37.      2.     0.0     0.0     3.0     4.3     0.2      0.      0.     20.     33.      4.
 131    380.    499.   1108.    445.      0.   1987.    805.   0.77   1.39   1.00   0.31    157.      0.     58.     48.     37.      0.    389.    139.   264.   527.   1.00   0.94     31.      0.     34.      0.     40.      2.     0.0     0.0     5.0     6.3     0.3      0.      0.     50.     62.      5.
 141    495.    570.   2410.    516.      0.   3475.    946.   0.90   1.61   1.00   0.31    187.      0.     75.     58.     37.      0.    392.    142.   324.   628.   1.00   0.51     19.      0.     46.      0.     52.      2.     0.0     0.0     5.0     6.2     0.3      0.      0.     50.     61.      5.
 151    385.    692.   3106.    540.    214.   4397.   1059.   1.01   1.41   1.00   0.31    204.      0.     91.     69.     37.      0.    382.    132.   383.   725.   1.00   0.49     15.      0.     50.      0.     56.      3.     0.0     0.0     5.0     6.2     0.4      0.      0.     50.     60.      6.
 161    234.    843.   3106.    551.   1051.   5234.   1179.   1.13   1.00   1.00   0.32    244.      0.    103.     82.     37.      0.    396.    146.   428.   814.   1.00   0.48     12.      0.     53.      0.     58.      3.     0.0     0.0     5.0     6.1     0.4      0.      0.     50.     59.      8.
 171    126.    951.   3106.    553.   1755.   5938.   1331.   1.28   0.67   1.00   0.31    255.      0.    115.     96.     37.      0.    382.    132.   470.   921.   1.00   0.26      7.      0.     58.      0.     63.      4.     0.0     0.0     5.0     6.0     0.5      0.      0.     50.     58.      9.
 181     60.   1018.   3106.    553.   1962.   6145.   1491.   1.44   0.44   1.00   0.30    274.      0.    122.    113.     37.      0.    376.    126.   497.  1012.   1.00   0.10      5.      0.     60.      0.     64.      4.     0.0     0.0     5.0     6.0     0.5      0.      0.     50.     57.      9.
 191     27.   1050.   2807.    500.   1978.   6161.   1639.   1.59   0.30   1.00   0.31    312.      0.    126.    132.     37.      0.    392.    142.   512.  1088.   1.00   0.04      5.      0.     60.      0.     63.      5.     0.0     0.0     5.0     5.9     0.6      0.      0.     50.     55.     11.
 201     12.   1065.   2294.    409.   1978.   6161.   1784.   1.73   0.22   1.00   0.31    328.      0.    129.    150.     37.      0.    386.    136.   522.  1161.   1.00   0.02      5.      0.     60.      0.     62.      6.     0.0     0.0     5.0     5.7     0.8      0.      0.     50.     52.     15.
 211      5.   1072.   1874.    334.   1978.   6161.   1936.   1.89   0.15   1.00   0.30    339.      0.    131.    166.     37.      0.    379.    129.   530.  1236.   1.00   0.01      5.      0.     60.      0.     61.      7.     0.0     0.0     5.0     5.5     1.0      0.      0.     50.     50.     17.
 220      3.   1075.   1594.    284.   1978.   6161.   2058.   2.01   0.12   1.00   0.30    348.      0.    132.    175.     37.      0.    378.    128.   534.  1290.   1.00   0.00      5.      0.     60.      0.     60.      8.     0.0     0.0     5.0     5.4     1.1      0.      0.     50.     48.     19.
